run_id,algorithm,instance,seed,known_best,max_iter,kmax,max_no_improve,shake_max_tries,generation_max_tries,vnd_mode,vnd_max_rounds,vnd_max_no_improve,time_limit_seconds,termination_reason,initial_cost,initial_solution_signature,initial_solution_shared_p,initial_solution_source,best_cost,final_cost,gap_percent,iterations,accepted_improvements,invalid_neighbors,no_improvement_neighbors,timeout_neighbors,neighbors_evaluated,generation_tries,elapsed_time_seconds,best_iteration,stagnation_iterations,feasible,status,error,ivns_string_length_avg,ivns_complexity_avg,ivns_max_neighborhood_seconds,ivns_reset_strings_on_improvement,ivns_candidates_per_iteration,ivns_candidate_selection_mode,ivns_exploration_rate,ivns_candidates_generated,ivns_candidates_valid,ivns_candidates_timeout,ivns_candidates_invalid,ivns_candidates_no_improvement,ivns_candidates_selected,ivns_candidate_success_rate,ivns_strings_generated_total,ivns_strings_valid_total,ivns_strings_invalid_total,ivns_strings_evaluated_total,ivns_strings_selected_total,ivns_strings_accepted_total,ivns_unique_strings_total,ivns_reject_too_many_r,ivns_reject_too_short,ivns_reject_too_long,ivns_reject_unbalanced,ivns_reject_missing_required_symbol,ivns_reject_forbidden_expensive_pattern,ivns_reject_semantic_invalid,ivns_reject_duplicated_string,ivns_reject_generation_limit_reached,ivns_reject_unknown,source_path,experiment_group
vns_F-n135-k7_31,vns,F-n135-k7,31,1162,10,2,5,5,0,first,3,2,1200,max_iter,6917,"6,116,123,32,39,36,99,89,70,93,58,54,1,13,120,63,35,48,15,113,34,124,122,27,105,111|100,109,55,129,44,115,114,132,8,2,59,45,88,106,20|104,62,4,128,90,73,96,74,28,51,131,5,10,101,119,9,107,86,76,77,121,60,33,127,85|53,56,38,40,21,29,17,92,78,87,22,110,12,95,108|134,66,67,25,117,112,46,61,18,97,133,79,30,64,14,98,72,50,37,81|57,75,52,3,19,65,42,102,125,43,23,49,68,126,7,82,118,103,94,26,41,31,24,69,71,84,11,16,91|83,80,47,130",true,shared_by_seed,6492,6492,458.691925,10,10,0,0,0,30,0,0.880004,10,0,true,ok,,0.0,0.0,0.0,False,0,none,0.0,0,0,0,0,0,0,0.0,0,0,0,0,0,0,0,0,0,0,0,0,0,0,0,0,0,/home/olivia3/Proyectos Uni/vrp/results/confirmatorios/f-n135-k7-vns-vs-ivns-efg-high-first-t1.50/summary-f-n135-k7-vns-ivns-efg-high-first-t1.50.csv,confirmatory_f
ivns_F-n135-k7_31,ivns,F-n135-k7,31,1162,10,2,5,5,50,first,3,2,1200,max_iter,6917,"6,116,123,32,39,36,99,89,70,93,58,54,1,13,120,63,35,48,15,113,34,124,122,27,105,111|100,109,55,129,44,115,114,132,8,2,59,45,88,106,20|104,62,4,128,90,73,96,74,28,51,131,5,10,101,119,9,107,86,76,77,121,60,33,127,85|53,56,38,40,21,29,17,92,78,87,22,110,12,95,108|134,66,67,25,117,112,46,61,18,97,133,79,30,64,14,98,72,50,37,81|57,75,52,3,19,65,42,102,125,43,23,49,68,126,7,82,118,103,94,26,41,31,24,69,71,84,11,16,91|83,80,47,130",true,shared_by_seed,6642,6642,471.600677,10,1,0,0,9,1,10,14.348052,8,0,true,ok,,7.0,22.4,1.5,True,0,none,0.0,0,0,0,0,0,0,0.0,10,10,0,1,10,1,9,0,0,0,0,0,0,0,0,0,0,/home/olivia3/Proyectos Uni/vrp/results/confirmatorios/f-n135-k7-vns-vs-ivns-efg-high-first-t1.50/summary-f-n135-k7-vns-ivns-efg-high-first-t1.50.csv,confirmatory_f
vns_F-n135-k7_32,vns,F-n135-k7,32,1162,10,2,5,5,0,first,3,2,1200,max_iter,6928,"89,8,22,72,38,63,94,126,96,115,50,99,87,30,103,6,88,20,78,111,26,119,32,14,124,107,16,3,65,35|122,105,128,112,42,73,48,100,46,90,98,37,106,2,55,75,132|116,133,9,123,121,84,118,43,40,4,53,11,31,79,113,56,101,17,57,62,71,91,109,110,102,66,19,12,49,70,5|134,76,97,69,7,125,23,61,24,39,36,18,15,67,81,45,93,47,127,74,120,27|41,59,29,68,129,51,1,64,52,34,60,86,10,80,95|77,44,58,25,114,130,85,54,13,92,28,104,108,83|33,21,131,82,117",true,shared_by_seed,6390,6390,449.91394,10,10,0,0,0,30,0,0.693004,10,0,true,ok,,0.0,0.0,0.0,False,0,none,0.0,0,0,0,0,0,0,0.0,0,0,0,0,0,0,0,0,0,0,0,0,0,0,0,0,0,/home/olivia3/Proyectos Uni/vrp/results/confirmatorios/f-n135-k7-vns-vs-ivns-efg-high-first-t1.50/summary-f-n135-k7-vns-ivns-efg-high-first-t1.50.csv,confirmatory_f
ivns_F-n135-k7_32,ivns,F-n135-k7,32,1162,10,2,5,5,50,first,3,2,1200,max_iter,6928,"89,8,22,72,38,63,94,126,96,115,50,99,87,30,103,6,88,20,78,111,26,119,32,14,124,107,16,3,65,35|122,105,128,112,42,73,48,100,46,90,98,37,106,2,55,75,132|116,133,9,123,121,84,118,43,40,4,53,11,31,79,113,56,101,17,57,62,71,91,109,110,102,66,19,12,49,70,5|134,76,97,69,7,125,23,61,24,39,36,18,15,67,81,45,93,47,127,74,120,27|41,59,29,68,129,51,1,64,52,34,60,86,10,80,95|77,44,58,25,114,130,85,54,13,92,28,104,108,83|33,21,131,82,117",true,shared_by_seed,6700,6700,476.592072,10,1,0,0,9,1,11,14.583052,3,0,true,ok,,8.1,24.7,1.5,True,0,none,0.0,0,0,0,0,0,0,0.0,11,10,1,1,10,1,10,0,0,0,0,0,0,0,0,0,0,/home/olivia3/Proyectos Uni/vrp/results/confirmatorios/f-n135-k7-vns-vs-ivns-efg-high-first-t1.50/summary-f-n135-k7-vns-ivns-efg-high-first-t1.50.csv,confirmatory_f
vns_F-n135-k7_33,vns,F-n135-k7,33,1162,10,2,5,5,0,first,3,2,1200,max_iter,6528,"6,87,46,100,107,116,81,111,125,30,130,66,56,35|96,41,89,85,49,27,21,24,65,39,13,75,48,104,44,120,71,31,108|18,62,60,94,17,68,36,38,3,79,8,61,98,19,70,84,7,93,90,124,77,99,92,55,50,2,131,40,25,53,101,126,47,133,54,29,74,11|122,82,86,51,91,43,16,63,88,72,20,114,22,67,109,118,112,45,117,58,10,97,12,76,1,105,110|15,59,102,57,134,23,128,80,106,9,34,73,78,115,121,132,32,127,123|129,28,14,26,119,4,64,37,42,52,69,103,33,83,5|95,113",true,shared_by_seed,5989,5989,415.404449,10,10,0,0,0,30,0,0.894004,10,0,true,ok,,0.0,0.0,0.0,False,0,none,0.0,0,0,0,0,0,0,0.0,0,0,0,0,0,0,0,0,0,0,0,0,0,0,0,0,0,/home/olivia3/Proyectos Uni/vrp/results/confirmatorios/f-n135-k7-vns-vs-ivns-efg-high-first-t1.50/summary-f-n135-k7-vns-ivns-efg-high-first-t1.50.csv,confirmatory_f
ivns_F-n135-k7_33,ivns,F-n135-k7,33,1162,10,2,5,5,50,first,3,2,1200,max_iter,6528,"6,87,46,100,107,116,81,111,125,30,130,66,56,35|96,41,89,85,49,27,21,24,65,39,13,75,48,104,44,120,71,31,108|18,62,60,94,17,68,36,38,3,79,8,61,98,19,70,84,7,93,90,124,77,99,92,55,50,2,131,40,25,53,101,126,47,133,54,29,74,11|122,82,86,51,91,43,16,63,88,72,20,114,22,67,109,118,112,45,117,58,10,97,12,76,1,105,110|15,59,102,57,134,23,128,80,106,9,34,73,78,115,121,132,32,127,123|129,28,14,26,119,4,64,37,42,52,69,103,33,83,5|95,113",true,shared_by_seed,6528,6528,461.790039,10,0,0,0,10,0,25,15.485058,0,0,true,ok,,6.7,22.0,1.5,True,0,none,0.0,0,0,0,0,0,0,0.0,25,10,15,0,10,0,10,0,0,0,0,0,0,0,0,0,0,/home/olivia3/Proyectos Uni/vrp/results/confirmatorios/f-n135-k7-vns-vs-ivns-efg-high-first-t1.50/summary-f-n135-k7-vns-ivns-efg-high-first-t1.50.csv,confirmatory_f
vns_F-n135-k7_34,vns,F-n135-k7,34,1162,10,2,5,5,0,first,3,2,1200,max_iter,7242,"10,17,6,57,8,102,1,88,115,123,38,51,120,80,2,77,39,3,99,16,94,56,63,130,24|116,98,117,122,62,58,114,49,87,20,14,53,105,26,133,91,95,76,96|134,55,69,65,29,100,64,44,129,121,36,97,18,5,73,81,32,103,72,106,34,128,28,15,75,25,93,79,108,118,61,70,124,60,126|37,50,13,85,23,111,71,110,89,9,68,54,113,35,78,104,82,19,31,59,90,127,42,109,7|45,12,22,84,107,101,92,43,83,27,48,86,46,67,74,125,21,112|41,119,52,11,66,30,4,131,40|47,132,33",true,shared_by_seed,6620,6620,469.707397,10,10,0,0,0,30,0,0.800003,10,0,true,ok,,0.0,0.0,0.0,False,0,none,0.0,0,0,0,0,0,0,0.0,0,0,0,0,0,0,0,0,0,0,0,0,0,0,0,0,0,/home/olivia3/Proyectos Uni/vrp/results/confirmatorios/f-n135-k7-vns-vs-ivns-efg-high-first-t1.50/summary-f-n135-k7-vns-ivns-efg-high-first-t1.50.csv,confirmatory_f
ivns_F-n135-k7_34,ivns,F-n135-k7,34,1162,10,2,5,5,50,first,3,2,1200,max_iter,7242,"10,17,6,57,8,102,1,88,115,123,38,51,120,80,2,77,39,3,99,16,94,56,63,130,24|116,98,117,122,62,58,114,49,87,20,14,53,105,26,133,91,95,76,96|134,55,69,65,29,100,64,44,129,121,36,97,18,5,73,81,32,103,72,106,34,128,28,15,75,25,93,79,108,118,61,70,124,60,126|37,50,13,85,23,111,71,110,89,9,68,54,113,35,78,104,82,19,31,59,90,127,42,109,7|45,12,22,84,107,101,92,43,83,27,48,86,46,67,74,125,21,112|41,119,52,11,66,30,4,131,40|47,132,33",true,shared_by_seed,7242,7242,523.235779,10,0,0,0,10,0,23,15.588056,0,0,true,ok,,7.0,22.4,1.5,True,0,none,0.0,0,0,0,0,0,0,0.0,23,10,13,0,10,0,10,0,0,0,0,0,0,0,0,0,0,/home/olivia3/Proyectos Uni/vrp/results/confirmatorios/f-n135-k7-vns-vs-ivns-efg-high-first-t1.50/summary-f-n135-k7-vns-ivns-efg-high-first-t1.50.csv,confirmatory_f
vns_F-n135-k7_35,vns,F-n135-k7,35,1162,10,2,5,5,0,first,3,2,1200,max_iter,6217,"96,6,88,7,31,107,122,123,91,70,131,18,80,27,67,35,60,111,73,32,19,76,99,78,63,104,14,62,46|133,93,26,49,118,85,30,59,11,15,69,2,28,51,114,65|98,94,130,89,22,64,57,9,43,112,86,47,34,132,53,101,48,38,125,77,40,56,37,16,10,55|44,4,126,17,87,106,113,75,83,1,74,50,72,108|29,127,124,61,5,84,128,129,24,12,97,58,13,68,102,117,81,8,115,119,79,25,33,41,54,90,3,92,105,121,36,42,116,23|39,134,20,120,109,103,66,71,52,45,100,21,110|82,95",true,shared_by_seed,5664,5664,387.435455,10,10,0,0,0,30,0,0.898003,10,0,true,ok,,0.0,0.0,0.0,False,0,none,0.0,0,0,0,0,0,0,0.0,0,0,0,0,0,0,0,0,0,0,0,0,0,0,0,0,0,/home/olivia3/Proyectos Uni/vrp/results/confirmatorios/f-n135-k7-vns-vs-ivns-efg-high-first-t1.50/summary-f-n135-k7-vns-ivns-efg-high-first-t1.50.csv,confirmatory_f
ivns_F-n135-k7_35,ivns,F-n135-k7,35,1162,10,2,5,5,50,first,3,2,1200,max_iter,6217,"96,6,88,7,31,107,122,123,91,70,131,18,80,27,67,35,60,111,73,32,19,76,99,78,63,104,14,62,46|133,93,26,49,118,85,30,59,11,15,69,2,28,51,114,65|98,94,130,89,22,64,57,9,43,112,86,47,34,132,53,101,48,38,125,77,40,56,37,16,10,55|44,4,126,17,87,106,113,75,83,1,74,50,72,108|29,127,124,61,5,84,128,129,24,12,97,58,13,68,102,117,81,8,115,119,79,25,33,41,54,90,3,92,105,121,36,42,116,23|39,134,20,120,109,103,66,71,52,45,100,21,110|82,95",true,shared_by_seed,6217,6217,435.025848,10,0,0,0,10,0,21,15.507058,0,0,true,ok,,6.5,20.5,1.5,True,0,none,0.0,0,0,0,0,0,0,0.0,21,10,11,0,10,0,10,0,0,0,0,0,0,0,0,0,0,/home/olivia3/Proyectos Uni/vrp/results/confirmatorios/f-n135-k7-vns-vs-ivns-efg-high-first-t1.50/summary-f-n135-k7-vns-ivns-efg-high-first-t1.50.csv,confirmatory_f
vns_F-n135-k7_36,vns,F-n135-k7,36,1162,10,2,5,5,0,first,3,2,1200,max_iter,6949,"6,58,35,21,97,65,61,121,33,31,87,132,113,92,8,72,50|116,34,27,7,126,36,89,74,4,25,13,114,44,22,129,52,2,67,60,57,104,96,43,38,49,63,28|133,98,75,70,54,78,93,124,84,127,88,66,69,94,18,40,125,47,56,53,20,41,5,128,91,100,24,71,14,82,73,1,77,19,39|86,29,3,118,115,102,45,64,10,101,23,9,106,117,80,119,42,95,76|16,85,109,59,105,32,79,11,15,68,83,90,37,107,81,62,55,17,112,122,111,26,134,123,12,46,51|99,130,103,30,120|131,110,48,108",true,shared_by_seed,6345,6345,446.04129,10,10,0,0,0,30,0,0.760002,10,0,true,ok,,0.0,0.0,0.0,False,0,none,0.0,0,0,0,0,0,0,0.0,0,0,0,0,0,0,0,0,0,0,0,0,0,0,0,0,0,/home/olivia3/Proyectos Uni/vrp/results/confirmatorios/f-n135-k7-vns-vs-ivns-efg-high-first-t1.50/summary-f-n135-k7-vns-ivns-efg-high-first-t1.50.csv,confirmatory_f
ivns_F-n135-k7_36,ivns,F-n135-k7,36,1162,10,2,5,5,50,first,3,2,1200,max_iter,6949,"6,58,35,21,97,65,61,121,33,31,87,132,113,92,8,72,50|116,34,27,7,126,36,89,74,4,25,13,114,44,22,129,52,2,67,60,57,104,96,43,38,49,63,28|133,98,75,70,54,78,93,124,84,127,88,66,69,94,18,40,125,47,56,53,20,41,5,128,91,100,24,71,14,82,73,1,77,19,39|86,29,3,118,115,102,45,64,10,101,23,9,106,117,80,119,42,95,76|16,85,109,59,105,32,79,11,15,68,83,90,37,107,81,62,55,17,112,122,111,26,134,123,12,46,51|99,130,103,30,120|131,110,48,108",true,shared_by_seed,6687,6687,475.473297,10,1,0,0,9,1,19,14.465054,9,0,true,ok,,6.5,20.0,1.5,True,0,none,0.0,0,0,0,0,0,0,0.0,19,10,9,1,10,1,9,0,0,0,0,0,0,0,0,0,0,/home/olivia3/Proyectos Uni/vrp/results/confirmatorios/f-n135-k7-vns-vs-ivns-efg-high-first-t1.50/summary-f-n135-k7-vns-ivns-efg-high-first-t1.50.csv,confirmatory_f
vns_F-n135-k7_37,vns,F-n135-k7,37,1162,10,2,5,5,0,first,3,2,1200,max_iter,6751,"6,57,45,66,129,99,50,11,40,31,63,60,115,3,29,75,96,106,85,112,127,82,54,116,98,14,113,16,26,71,24,78,92,20|94,25,1,13,37,76,9,69,87,22,118,10,38,93,34,27,53,90,12,21,51,65,2,88,68,122,83,128,103,79,4,8,17,61,119|23,74,15,35,101,77,58,46,123,131,55,109,59,104,49,73,110,84,114|134,30,130,91,86,64,67,70,44,5,33,28|133,72,125,62,89,95,19,97,126,120,42|36,48,111,80,108,41,39,107,121,56,102,105,117,47,7,32,18,43|132,81,124,52,100",true,shared_by_seed,5966,5966,413.42511,10,10,0,0,0,30,0,0.707002,10,0,true,ok,,0.0,0.0,0.0,False,0,none,0.0,0,0,0,0,0,0,0.0,0,0,0,0,0,0,0,0,0,0,0,0,0,0,0,0,0,/home/olivia3/Proyectos Uni/vrp/results/confirmatorios/f-n135-k7-vns-vs-ivns-efg-high-first-t1.50/summary-f-n135-k7-vns-ivns-efg-high-first-t1.50.csv,confirmatory_f
ivns_F-n135-k7_37,ivns,F-n135-k7,37,1162,10,2,5,5,50,first,3,2,1200,max_iter,6751,"6,57,45,66,129,99,50,11,40,31,63,60,115,3,29,75,96,106,85,112,127,82,54,116,98,14,113,16,26,71,24,78,92,20|94,25,1,13,37,76,9,69,87,22,118,10,38,93,34,27,53,90,12,21,51,65,2,88,68,122,83,128,103,79,4,8,17,61,119|23,74,15,35,101,77,58,46,123,131,55,109,59,104,49,73,110,84,114|134,30,130,91,86,64,67,70,44,5,33,28|133,72,125,62,89,95,19,97,126,120,42|36,48,111,80,108,41,39,107,121,56,102,105,117,47,7,32,18,43|132,81,124,52,100",true,shared_by_seed,6751,6751,480.981079,10,0,0,0,10,0,14,15.804058,0,0,true,ok,,7.8,24.5,1.5,True,0,none,0.0,0,0,0,0,0,0,0.0,14,10,4,0,10,0,10,0,0,0,0,0,0,0,0,0,0,/home/olivia3/Proyectos Uni/vrp/results/confirmatorios/f-n135-k7-vns-vs-ivns-efg-high-first-t1.50/summary-f-n135-k7-vns-ivns-efg-high-first-t1.50.csv,confirmatory_f
vns_F-n135-k7_38,vns,F-n135-k7,38,1162,10,2,5,5,0,first,3,2,1200,max_iter,7249,"6,116,27,11,12,28,67,68,43,124,50,18,79,107,70,111,133,64,51,91,105,75,15,83,125,23,84,127,93|96,63,129,89,40,97,31,121,35,76,52,42,132,45,117,56,104,69,57,4,34,90,123,37,24|98,119,77,9,20,16,60,5,122,73,74,88,2,14,38,46,106,95|130,7,100,19,65,115,33,103,102,87,118,131,55,29,78,66,32,54,109,126,72|114,61,53,21,10,128,49,22,94,113,41,8,26,92,1,86,120,62,13|134,17,58,44,85,59,110,25,99,30,80,101,108|47,36,39,112,71,82,3,48,81",true,shared_by_seed,6600,6600,467.986237,10,10,0,0,0,30,0,0.783003,10,0,true,ok,,0.0,0.0,0.0,False,0,none,0.0,0,0,0,0,0,0,0.0,0,0,0,0,0,0,0,0,0,0,0,0,0,0,0,0,0,/home/olivia3/Proyectos Uni/vrp/results/confirmatorios/f-n135-k7-vns-vs-ivns-efg-high-first-t1.50/summary-f-n135-k7-vns-ivns-efg-high-first-t1.50.csv,confirmatory_f
ivns_F-n135-k7_38,ivns,F-n135-k7,38,1162,10,2,5,5,50,first,3,2,1200,max_iter,7249,"6,116,27,11,12,28,67,68,43,124,50,18,79,107,70,111,133,64,51,91,105,75,15,83,125,23,84,127,93|96,63,129,89,40,97,31,121,35,76,52,42,132,45,117,56,104,69,57,4,34,90,123,37,24|98,119,77,9,20,16,60,5,122,73,74,88,2,14,38,46,106,95|130,7,100,19,65,115,33,103,102,87,118,131,55,29,78,66,32,54,109,126,72|114,61,53,21,10,128,49,22,94,113,41,8,26,92,1,86,120,62,13|134,17,58,44,85,59,110,25,99,30,80,101,108|47,36,39,112,71,82,3,48,81",true,shared_by_seed,6246,6246,437.521515,10,4,0,0,6,4,21,10.89104,10,0,true,ok,,5.7,17.4,1.5,True,0,none,0.0,0,0,0,0,0,0,0.0,21,10,11,4,10,4,8,0,0,0,0,0,0,0,0,0,0,/home/olivia3/Proyectos Uni/vrp/results/confirmatorios/f-n135-k7-vns-vs-ivns-efg-high-first-t1.50/summary-f-n135-k7-vns-ivns-efg-high-first-t1.50.csv,confirmatory_f
vns_F-n135-k7_39,vns,F-n135-k7,39,1162,10,2,5,5,0,first,3,2,1200,max_iter,6498,"6,98,89,12,31,93,17,95,73,49,132,42|55,11,15,1,56,3,76,117,21,108,115,127,120,16,35,121,107,28,129|96,18,84,32,69,66,37,30,39,44,70,86,14,10,5,124,131|104,82,91,63,26,48,103,59,102,110,94,36,53,46,112,65,88,113,51,64,57,80,60,90,92|133,27,25,45,118,34,62,122,85,8,77,109,4,67,23,50,87,29,125,111,2,106,130,9,20,79,24,126,41,72,47,61,13,78,43,40,105,75|134,54,100,58,68,97,38,19,74,81,71,22,99,114,101,119,116,123,7,128|33,52,83",true,shared_by_seed,6024,6024,418.416504,10,10,0,0,0,30,0,0.861003,10,0,true,ok,,0.0,0.0,0.0,False,0,none,0.0,0,0,0,0,0,0,0.0,0,0,0,0,0,0,0,0,0,0,0,0,0,0,0,0,0,/home/olivia3/Proyectos Uni/vrp/results/confirmatorios/f-n135-k7-vns-vs-ivns-efg-high-first-t1.50/summary-f-n135-k7-vns-ivns-efg-high-first-t1.50.csv,confirmatory_f
ivns_F-n135-k7_39,ivns,F-n135-k7,39,1162,10,2,5,5,50,first,3,2,1200,max_iter,6498,"6,98,89,12,31,93,17,95,73,49,132,42|55,11,15,1,56,3,76,117,21,108,115,127,120,16,35,121,107,28,129|96,18,84,32,69,66,37,30,39,44,70,86,14,10,5,124,131|104,82,91,63,26,48,103,59,102,110,94,36,53,46,112,65,88,113,51,64,57,80,60,90,92|133,27,25,45,118,34,62,122,85,8,77,109,4,67,23,50,87,29,125,111,2,106,130,9,20,79,24,126,41,72,47,61,13,78,43,40,105,75|134,54,100,58,68,97,38,19,74,81,71,22,99,114,101,119,116,123,7,128|33,52,83",true,shared_by_seed,6036,6036,419.449219,10,1,0,0,9,1,15,14.188052,5,0,true,ok,,7.2,23.3,1.5,True,0,none,0.0,0,0,0,0,0,0,0.0,15,10,5,1,10,1,9,0,0,0,0,0,0,0,0,0,0,/home/olivia3/Proyectos Uni/vrp/results/confirmatorios/f-n135-k7-vns-vs-ivns-efg-high-first-t1.50/summary-f-n135-k7-vns-ivns-efg-high-first-t1.50.csv,confirmatory_f
vns_F-n135-k7_40,vns,F-n135-k7,40,1162,10,2,5,5,0,first,3,2,1200,max_iter,7355,"6,63,28,83,13,9,19,90,79,115,55,84,97,102,124,33,131|62,91,47,10,37,105,98,109,72,85,67,117,24,32,114,20,120,11|40,68,18,16,69,43,121,96,82,110,118,92,25,49,127,77,29,78,122,38,112,57,56,31,76,39,66,61,64,70,26,60,126,65|50,128,21,44,46,17,87,93,88,71,132,52,1,41,75,100,15,123,59,8,4,27|119,134,36,107,104,89,12,101,73,34,7,129,94,53,99,51,81,42,48,22,58,35,116,5,103,23,125,106,14,113,133,74|54,30,45,108,80,2,3,111|130,86,95",true,shared_by_seed,6807,6807,485.800354,10,10,0,0,0,30,0,0.801002,10,0,true,ok,,0.0,0.0,0.0,False,0,none,0.0,0,0,0,0,0,0,0.0,0,0,0,0,0,0,0,0,0,0,0,0,0,0,0,0,0,/home/olivia3/Proyectos Uni/vrp/results/confirmatorios/f-n135-k7-vns-vs-ivns-efg-high-first-t1.50/summary-f-n135-k7-vns-ivns-efg-high-first-t1.50.csv,confirmatory_f
ivns_F-n135-k7_40,ivns,F-n135-k7,40,1162,10,2,5,5,50,first,3,2,1200,max_iter,7355,"6,63,28,83,13,9,19,90,79,115,55,84,97,102,124,33,131|62,91,47,10,37,105,98,109,72,85,67,117,24,32,114,20,120,11|40,68,18,16,69,43,121,96,82,110,118,92,25,49,127,77,29,78,122,38,112,57,56,31,76,39,66,61,64,70,26,60,126,65|50,128,21,44,46,17,87,93,88,71,132,52,1,41,75,100,15,123,59,8,4,27|119,134,36,107,104,89,12,101,73,34,7,129,94,53,99,51,81,42,48,22,58,35,116,5,103,23,125,106,14,113,133,74|54,30,45,108,80,2,3,111|130,86,95",true,shared_by_seed,6859,6859,490.275391,10,1,0,0,9,1,11,14.121052,6,0,true,ok,,6.1,19.6,1.5,True,0,none,0.0,0,0,0,0,0,0,0.0,11,10,1,1,10,1,9,0,0,0,0,0,0,0,0,0,0,/home/olivia3/Proyectos Uni/vrp/results/confirmatorios/f-n135-k7-vns-vs-ivns-efg-high-first-t1.50/summary-f-n135-k7-vns-ivns-efg-high-first-t1.50.csv,confirmatory_f
vns_F-n135-k7_41,vns,F-n135-k7,41,1162,10,2,5,5,0,first,3,2,1200,max_iter,6887,"93,55,56,38,63,48,126,91,41,123,102,45,26,129,106,133,6,75,33,66,127,62,54,39,3,117,11,9,28,34,44,51|35,85,27,59,10,109,60,61,4,69,65,92,21,22,78,98,88,94,90,70,20,116,132,89,37,128,121,13,57,29,58,1,64,73,15,97,104,87,96,14,23,40|77,72,125,12,42,131,118,111,24,32,53,115,36,25,16,107,7,8,82,67,74,68,17|46,49,50,31,112,105,47,43,30,108,101,99|79,113,103,71,95,86,130|114,76,119,122,80,110,84,2,120,18,124|5,81,19,52,134,83,100",true,shared_by_seed,5962,5962,413.080872,10,10,0,0,0,30,0,0.780004,10,0,true,ok,,0.0,0.0,0.0,False,0,none,0.0,0,0,0,0,0,0,0.0,0,0,0,0,0,0,0,0,0,0,0,0,0,0,0,0,0,/home/olivia3/Proyectos Uni/vrp/results/confirmatorios/f-n135-k7-vns-vs-ivns-efg-high-first-t1.50/summary-f-n135-k7-vns-ivns-efg-high-first-t1.50.csv,confirmatory_f
ivns_F-n135-k7_41,ivns,F-n135-k7,41,1162,10,2,5,5,50,first,3,2,1200,max_iter,6887,"93,55,56,38,63,48,126,91,41,123,102,45,26,129,106,133,6,75,33,66,127,62,54,39,3,117,11,9,28,34,44,51|35,85,27,59,10,109,60,61,4,69,65,92,21,22,78,98,88,94,90,70,20,116,132,89,37,128,121,13,57,29,58,1,64,73,15,97,104,87,96,14,23,40|77,72,125,12,42,131,118,111,24,32,53,115,36,25,16,107,7,8,82,67,74,68,17|46,49,50,31,112,105,47,43,30,108,101,99|79,113,103,71,95,86,130|114,76,119,122,80,110,84,2,120,18,124|5,81,19,52,134,83,100",true,shared_by_seed,6615,6615,469.2771,10,1,0,0,9,1,15,14.291052,8,0,true,ok,,7.1,22.4,1.5,True,0,none,0.0,0,0,0,0,0,0,0.0,15,10,5,1,10,1,10,0,0,0,0,0,0,0,0,0,0,/home/olivia3/Proyectos Uni/vrp/results/confirmatorios/f-n135-k7-vns-vs-ivns-efg-high-first-t1.50/summary-f-n135-k7-vns-ivns-efg-high-first-t1.50.csv,confirmatory_f
vns_F-n135-k7_42,vns,F-n135-k7,42,1162,10,2,5,5,0,first,3,2,1200,max_iter,7042,"116,29,133,3,56,102,119,8,111,17,109,44,38,22,61,99,96,21,129,4,85,83,12,7,19,51,31,34,115,47,15,98,6,9,105,72,127,70,126,63|88,112,14,101,91,122,28,39,128,100,67,107,24,82,108,94,55,121,59,50,43,41,1,90,89|134,40,11,36,124,93,76,65,74,104,69,71,25,16,20,80,84,120,58,130,77|60,75,92,106,13,66,46,95,54,53,103,2,49,57|79,45,23,64,118,35,52,48,10,110,26,113,81,32,78,114,42|62,68,33,30,73,117,27,18,123,125,86,97,37|5,132,131,87",true,shared_by_seed,6292,6292,441.480194,10,10,0,0,0,30,0,0.723004,10,0,true,ok,,0.0,0.0,0.0,False,0,none,0.0,0,0,0,0,0,0,0.0,0,0,0,0,0,0,0,0,0,0,0,0,0,0,0,0,0,/home/olivia3/Proyectos Uni/vrp/results/confirmatorios/f-n135-k7-vns-vs-ivns-efg-high-first-t1.50/summary-f-n135-k7-vns-ivns-efg-high-first-t1.50.csv,confirmatory_f
ivns_F-n135-k7_42,ivns,F-n135-k7,42,1162,10,2,5,5,50,first,3,2,1200,max_iter,7042,"116,29,133,3,56,102,119,8,111,17,109,44,38,22,61,99,96,21,129,4,85,83,12,7,19,51,31,34,115,47,15,98,6,9,105,72,127,70,126,63|88,112,14,101,91,122,28,39,128,100,67,107,24,82,108,94,55,121,59,50,43,41,1,90,89|134,40,11,36,124,93,76,65,74,104,69,71,25,16,20,80,84,120,58,130,77|60,75,92,106,13,66,46,95,54,53,103,2,49,57|79,45,23,64,118,35,52,48,10,110,26,113,81,32,78,114,42|62,68,33,30,73,117,27,18,123,125,86,97,37|5,132,131,87",true,shared_by_seed,6725,6725,478.743561,10,1,0,0,9,1,15,14.708053,6,0,true,ok,,6.4,20.0,1.5,True,0,none,0.0,0,0,0,0,0,0,0.0,15,10,5,1,10,1,9,0,0,0,0,0,0,0,0,0,0,/home/olivia3/Proyectos Uni/vrp/results/confirmatorios/f-n135-k7-vns-vs-ivns-efg-high-first-t1.50/summary-f-n135-k7-vns-ivns-efg-high-first-t1.50.csv,confirmatory_f
vns_F-n135-k7_43,vns,F-n135-k7,43,1162,10,2,5,5,0,first,3,2,1200,max_iter,6179,"6,88,36,9,119,128,76,11,60,105,100,33,83,64,65,63,48,77,19,54,118,122,133|116,34,115,114,46,1,94,86,103,3,26,95,101,126|104,51,25,123,112,21,72,79,24,125,38,50,14,69,45,55,67,89,68,4,92,102,131,113,56,20,96,41,37|59,84,85,32,97,75,58,98,108,43,74,29,49,91,52,17,87,5,8,90,47,111,127,107,10,27,23|18,22,31,109,28,93,80,61,70,35,39,53,12,40,15,121,110,129,82,106,81,130,42,44,124|7,134,66,78,99,73,62,71,132,16,120|2,13,30,57,117",true,shared_by_seed,5682,5682,388.984528,10,10,0,0,0,30,0,0.971003,10,0,true,ok,,0.0,0.0,0.0,False,0,none,0.0,0,0,0,0,0,0,0.0,0,0,0,0,0,0,0,0,0,0,0,0,0,0,0,0,0,/home/olivia3/Proyectos Uni/vrp/results/confirmatorios/f-n135-k7-vns-vs-ivns-efg-high-first-t1.50/summary-f-n135-k7-vns-ivns-efg-high-first-t1.50.csv,confirmatory_f
ivns_F-n135-k7_43,ivns,F-n135-k7,43,1162,10,2,5,5,50,first,3,2,1200,max_iter,6179,"6,88,36,9,119,128,76,11,60,105,100,33,83,64,65,63,48,77,19,54,118,122,133|116,34,115,114,46,1,94,86,103,3,26,95,101,126|104,51,25,123,112,21,72,79,24,125,38,50,14,69,45,55,67,89,68,4,92,102,131,113,56,20,96,41,37|59,84,85,32,97,75,58,98,108,43,74,29,49,91,52,17,87,5,8,90,47,111,127,107,10,27,23|18,22,31,109,28,93,80,61,70,35,39,53,12,40,15,121,110,129,82,106,81,130,42,44,124|7,134,66,78,99,73,62,71,132,16,120|2,13,30,57,117",true,shared_by_seed,6179,6179,431.755585,10,0,0,0,10,0,17,15.542057,0,0,true,ok,,7.0,21.4,1.5,True,0,none,0.0,0,0,0,0,0,0,0.0,17,10,7,0,10,0,10,0,0,0,0,0,0,0,0,0,0,/home/olivia3/Proyectos Uni/vrp/results/confirmatorios/f-n135-k7-vns-vs-ivns-efg-high-first-t1.50/summary-f-n135-k7-vns-ivns-efg-high-first-t1.50.csv,confirmatory_f
vns_F-n135-k7_44,vns,F-n135-k7,44,1162,10,2,5,5,0,first,3,2,1200,max_iter,7055,"6,116,27,131,110,96,67,113,58,63,117,133,25,85,20,8,9,130,74,105|30,47,114,1,109,111,107,32,28,90|11,123,62,95,22,44,37,112,72,51,57,118,21,40,73,31,92,82,50,122,88,84,14,99,89|79,45,65,24,124,87,60,43,12,41,66,17,103,106,19,108,81,104,71,94,115,52|134,120,49,13,126,26,2,128,68,46,127,101,34,35,48,69,102,70,16,18,76|93,61,36,75,86,77,5,83,80,53,55,78,54,98,91,64,121,15,23,33,125,4|132,42,10,119,97,7,38,3,59,100,39,56,129,29",true,shared_by_seed,6090,6090,424.096405,10,10,0,0,0,30,0,0.841005,10,0,true,ok,,0.0,0.0,0.0,False,0,none,0.0,0,0,0,0,0,0,0.0,0,0,0,0,0,0,0,0,0,0,0,0,0,0,0,0,0,/home/olivia3/Proyectos Uni/vrp/results/confirmatorios/f-n135-k7-vns-vs-ivns-efg-high-first-t1.50/summary-f-n135-k7-vns-ivns-efg-high-first-t1.50.csv,confirmatory_f
ivns_F-n135-k7_44,ivns,F-n135-k7,44,1162,10,2,5,5,50,first,3,2,1200,max_iter,7055,"6,116,27,131,110,96,67,113,58,63,117,133,25,85,20,8,9,130,74,105|30,47,114,1,109,111,107,32,28,90|11,123,62,95,22,44,37,112,72,51,57,118,21,40,73,31,92,82,50,122,88,84,14,99,89|79,45,65,24,124,87,60,43,12,41,66,17,103,106,19,108,81,104,71,94,115,52|134,120,49,13,126,26,2,128,68,46,127,101,34,35,48,69,102,70,16,18,76|93,61,36,75,86,77,5,83,80,53,55,78,54,98,91,64,121,15,23,33,125,4|132,42,10,119,97,7,38,3,59,100,39,56,129,29",true,shared_by_seed,7055,7055,507.142883,10,0,0,0,10,0,18,15.580056,0,0,true,ok,,6.9,21.8,1.5,True,0,none,0.0,0,0,0,0,0,0,0.0,18,10,8,0,10,0,10,0,0,0,0,0,0,0,0,0,0,/home/olivia3/Proyectos Uni/vrp/results/confirmatorios/f-n135-k7-vns-vs-ivns-efg-high-first-t1.50/summary-f-n135-k7-vns-ivns-efg-high-first-t1.50.csv,confirmatory_f
vns_F-n135-k7_45,vns,F-n135-k7,45,1162,10,2,5,5,0,first,3,2,1200,max_iter,7076,"96,90,79,73,100,55,64,51,14,57,26,58,1,113,129,6,44,70,63,118,22,5,2,20,91,53,81,48,42,27,76,122,17,98,47,117,25,36,50|124,24,40,103,105,78,35,62,115,65,56,111,19,114,67,88,123,94,39,52,77,38|29,125,72,102,82,3,32,33,28,8,119,83,116,31,43,128,16,66,13,7,87|11,34,41,127,23,93,109,69,60,126,74,61,15,30,45,84,80,86,107|54,75,108,131,110,49,104,133,132|134,89,46,101,106,12,68,18,95,59,130,4,112,9|92,10,121,97,99,21,37,85,71,120",true,shared_by_seed,6733,6733,479.432007,10,10,0,0,0,30,0,0.855003,10,0,true,ok,,0.0,0.0,0.0,False,0,none,0.0,0,0,0,0,0,0,0.0,0,0,0,0,0,0,0,0,0,0,0,0,0,0,0,0,0,/home/olivia3/Proyectos Uni/vrp/results/confirmatorios/f-n135-k7-vns-vs-ivns-efg-high-first-t1.50/summary-f-n135-k7-vns-ivns-efg-high-first-t1.50.csv,confirmatory_f
ivns_F-n135-k7_45,ivns,F-n135-k7,45,1162,10,2,5,5,50,first,3,2,1200,max_iter,7076,"96,90,79,73,100,55,64,51,14,57,26,58,1,113,129,6,44,70,63,118,22,5,2,20,91,53,81,48,42,27,76,122,17,98,47,117,25,36,50|124,24,40,103,105,78,35,62,115,65,56,111,19,114,67,88,123,94,39,52,77,38|29,125,72,102,82,3,32,33,28,8,119,83,116,31,43,128,16,66,13,7,87|11,34,41,127,23,93,109,69,60,126,74,61,15,30,45,84,80,86,107|54,75,108,131,110,49,104,133,132|134,89,46,101,106,12,68,18,95,59,130,4,112,9|92,10,121,97,99,21,37,85,71,120",true,shared_by_seed,7076,7076,508.950104,10,0,0,0,10,0,17,15.743058,0,0,true,ok,,7.7,24.3,1.5,True,0,none,0.0,0,0,0,0,0,0,0.0,17,10,7,0,10,0,10,0,0,0,0,0,0,0,0,0,0,/home/olivia3/Proyectos Uni/vrp/results/confirmatorios/f-n135-k7-vns-vs-ivns-efg-high-first-t1.50/summary-f-n135-k7-vns-ivns-efg-high-first-t1.50.csv,confirmatory_f
vns_F-n135-k7_46,vns,F-n135-k7,46,1162,10,2,5,5,0,first,3,2,1200,max_iter,6691,"133,91,98,127,20,63,96,119,25,90,82,9,33,75,37,34,15,117,80,72,3,67,124,115,27,7,55,84,51,123|6,104,78,107,74,73,65,32,71,29,64,38,49,41,100,11,12,50,56,116,44,76,121,102,1,48,21,24,130,31,125,129|88,45,134,18,92,23,86,40,109,54,10,28,126,112,128,43,70,61,52,81,89,60,13,46,103,57,58,39,97,87,79,110,105,14,16,17,101,118,26,42,53|122,94,85,59,4,5,19,69,47,35,113,114,93,83|36,2,8,66,68,77,120,111,22,131,62,99|132,106,30|95,108",true,shared_by_seed,6178,6178,431.669525,10,10,0,0,0,30,0,0.815004,10,0,true,ok,,0.0,0.0,0.0,False,0,none,0.0,0,0,0,0,0,0,0.0,0,0,0,0,0,0,0,0,0,0,0,0,0,0,0,0,0,/home/olivia3/Proyectos Uni/vrp/results/confirmatorios/f-n135-k7-vns-vs-ivns-efg-high-first-t1.50/summary-f-n135-k7-vns-ivns-efg-high-first-t1.50.csv,confirmatory_f
ivns_F-n135-k7_46,ivns,F-n135-k7,46,1162,10,2,5,5,50,first,3,2,1200,max_iter,6691,"133,91,98,127,20,63,96,119,25,90,82,9,33,75,37,34,15,117,80,72,3,67,124,115,27,7,55,84,51,123|6,104,78,107,74,73,65,32,71,29,64,38,49,41,100,11,12,50,56,116,44,76,121,102,1,48,21,24,130,31,125,129|88,45,134,18,92,23,86,40,109,54,10,28,126,112,128,43,70,61,52,81,89,60,13,46,103,57,58,39,97,87,79,110,105,14,16,17,101,118,26,42,53|122,94,85,59,4,5,19,69,47,35,113,114,93,83|36,2,8,66,68,77,120,111,22,131,62,99|132,106,30|95,108",true,shared_by_seed,6691,6691,475.817535,10,0,0,0,10,0,17,15.569056,0,0,true,ok,,6.9,22.4,1.5,True,0,none,0.0,0,0,0,0,0,0,0.0,17,10,7,0,10,0,10,0,0,0,0,0,0,0,0,0,0,/home/olivia3/Proyectos Uni/vrp/results/confirmatorios/f-n135-k7-vns-vs-ivns-efg-high-first-t1.50/summary-f-n135-k7-vns-ivns-efg-high-first-t1.50.csv,confirmatory_f
vns_F-n135-k7_47,vns,F-n135-k7,47,1162,10,2,5,5,0,first,3,2,1200,max_iter,6869,"88,117,122,20,42,2,6,1,100,97,36,33,113,96,56,102,98,107,14,44,58,5,54,80,124|25,39,22,27,111,116,101,90,85,18,109,87,66,60,108,118,73,26,61,119,34,32,13,46,127,49,55,131,16|104,92,133,93,38,41,4,95,21,79,75,68,83|134,57,86,28,128,43,59,10,132,106,9,12,125,3,45,63,76,126,23,71,37,69,15,94,129|91,89,29,7,40,31,24,51,82,72,77,62,121,115,35,67,50,47,84,19,123,53,78,112,8,52,99,11,70|130,103,65,105,81,74,64,48,114,17,110|30,120",true,shared_by_seed,6319,6319,443.803772,10,10,0,0,0,30,0,0.885004,10,0,true,ok,,0.0,0.0,0.0,False,0,none,0.0,0,0,0,0,0,0,0.0,0,0,0,0,0,0,0,0,0,0,0,0,0,0,0,0,0,/home/olivia3/Proyectos Uni/vrp/results/confirmatorios/f-n135-k7-vns-vs-ivns-efg-high-first-t1.50/summary-f-n135-k7-vns-ivns-efg-high-first-t1.50.csv,confirmatory_f
ivns_F-n135-k7_47,ivns,F-n135-k7,47,1162,10,2,5,5,50,first,3,2,1200,max_iter,6869,"88,117,122,20,42,2,6,1,100,97,36,33,113,96,56,102,98,107,14,44,58,5,54,80,124|25,39,22,27,111,116,101,90,85,18,109,87,66,60,108,118,73,26,61,119,34,32,13,46,127,49,55,131,16|104,92,133,93,38,41,4,95,21,79,75,68,83|134,57,86,28,128,43,59,10,132,106,9,12,125,3,45,63,76,126,23,71,37,69,15,94,129|91,89,29,7,40,31,24,51,82,72,77,62,121,115,35,67,50,47,84,19,123,53,78,112,8,52,99,11,70|130,103,65,105,81,74,64,48,114,17,110|30,120",true,shared_by_seed,6559,6559,464.457855,10,1,0,0,9,1,15,14.765054,4,0,true,ok,,6.8,21.6,1.5,True,0,none,0.0,0,0,0,0,0,0,0.0,15,10,5,1,10,1,9,0,0,0,0,0,0,0,0,0,0,/home/olivia3/Proyectos Uni/vrp/results/confirmatorios/f-n135-k7-vns-vs-ivns-efg-high-first-t1.50/summary-f-n135-k7-vns-ivns-efg-high-first-t1.50.csv,confirmatory_f
vns_F-n135-k7_48,vns,F-n135-k7,48,1162,10,2,5,5,0,first,3,2,1200,max_iter,7239,"6,133,88,113,76,8,80,41,46,132,74,70,115,22,10,124,39,64|116,104,28,119,79,87,2,68,44,12,54,52,58,26,108,96,90,93,121,47,102,20,1,9,16,86,56,3,55,50,118|134,4,61,11,91,51,83,42,98,101,17,49,34,131,63,127,82,67,84,60|85,7,57,103,73,59,66,53,95,24,89,13,99,114|29,97,36,71,111,77,75,31,105,81,48,107,35,110,21,25,33,92,126,27,69|5,65,32,23,117,62,45,129,15,123,38,78,100,72,43,94,106,37,19,128,40,125,120,109,18,14|130,30,122,112",true,shared_by_seed,6561,6561,464.629944,10,10,0,0,0,30,0,0.716004,10,0,true,ok,,0.0,0.0,0.0,False,0,none,0.0,0,0,0,0,0,0,0.0,0,0,0,0,0,0,0,0,0,0,0,0,0,0,0,0,0,/home/olivia3/Proyectos Uni/vrp/results/confirmatorios/f-n135-k7-vns-vs-ivns-efg-high-first-t1.50/summary-f-n135-k7-vns-ivns-efg-high-first-t1.50.csv,confirmatory_f
ivns_F-n135-k7_48,ivns,F-n135-k7,48,1162,10,2,5,5,50,first,3,2,1200,max_iter,7239,"6,133,88,113,76,8,80,41,46,132,74,70,115,22,10,124,39,64|116,104,28,119,79,87,2,68,44,12,54,52,58,26,108,96,90,93,121,47,102,20,1,9,16,86,56,3,55,50,118|134,4,61,11,91,51,83,42,98,101,17,49,34,131,63,127,82,67,84,60|85,7,57,103,73,59,66,53,95,24,89,13,99,114|29,97,36,71,111,77,75,31,105,81,48,107,35,110,21,25,33,92,126,27,69|5,65,32,23,117,62,45,129,15,123,38,78,100,72,43,94,106,37,19,128,40,125,120,109,18,14|130,30,122,112",true,shared_by_seed,6502,6502,459.55249,10,2,0,0,8,2,14,13.549048,3,0,true,ok,,6.1,19.1,1.5,True,0,none,0.0,0,0,0,0,0,0,0.0,14,10,4,2,10,2,8,0,0,0,0,0,0,0,0,0,0,/home/olivia3/Proyectos Uni/vrp/results/confirmatorios/f-n135-k7-vns-vs-ivns-efg-high-first-t1.50/summary-f-n135-k7-vns-ivns-efg-high-first-t1.50.csv,confirmatory_f
vns_F-n135-k7_49,vns,F-n135-k7,49,1162,10,2,5,5,0,first,3,2,1200,max_iter,6786,"6,54,10,99,59,104,126,105,93,123,122,57,44,95,111,33,60|16,21,69,98,116,87,82,7,26,51,127,55,22,67,119,76,66,88,15,37,110,45,84,68,41,4,24,43,29,74,18,62,91,42|25,14,112,129,131,89,85,35,81,31,50,32,92,52,130,133,63,113,124,118,8,28,36,94,90,96|48,128,117,106,23,78,71,49,47,5,125,56,20,114,3,72,38,75,73,109,40|61,34,11,46,58,121,17,12,64,9,30,77,103,108,53|70,97,79,107,65,27,39,1,102,83,115,2,120|100,19,86,134,101,80,132,13",true,shared_by_seed,6054,6054,420.998291,10,10,0,0,0,30,0,0.860004,10,0,true,ok,,0.0,0.0,0.0,False,0,none,0.0,0,0,0,0,0,0,0.0,0,0,0,0,0,0,0,0,0,0,0,0,0,0,0,0,0,/home/olivia3/Proyectos Uni/vrp/results/confirmatorios/f-n135-k7-vns-vs-ivns-efg-high-first-t1.50/summary-f-n135-k7-vns-ivns-efg-high-first-t1.50.csv,confirmatory_f
ivns_F-n135-k7_49,ivns,F-n135-k7,49,1162,10,2,5,5,50,first,3,2,1200,max_iter,6786,"6,54,10,99,59,104,126,105,93,123,122,57,44,95,111,33,60|16,21,69,98,116,87,82,7,26,51,127,55,22,67,119,76,66,88,15,37,110,45,84,68,41,4,24,43,29,74,18,62,91,42|25,14,112,129,131,89,85,35,81,31,50,32,92,52,130,133,63,113,124,118,8,28,36,94,90,96|48,128,117,106,23,78,71,49,47,5,125,56,20,114,3,72,38,75,73,109,40|61,34,11,46,58,121,17,12,64,9,30,77,103,108,53|70,97,79,107,65,27,39,1,102,83,115,2,120|100,19,86,134,101,80,132,13",true,shared_by_seed,6786,6786,483.993103,10,0,0,0,10,0,15,15.680057,0,0,true,ok,,7.5,23.2,1.5,True,0,none,0.0,0,0,0,0,0,0,0.0,15,10,5,0,10,0,10,0,0,0,0,0,0,0,0,0,0,/home/olivia3/Proyectos Uni/vrp/results/confirmatorios/f-n135-k7-vns-vs-ivns-efg-high-first-t1.50/summary-f-n135-k7-vns-ivns-efg-high-first-t1.50.csv,confirmatory_f
vns_F-n135-k7_50,vns,F-n135-k7,50,1162,10,2,5,5,0,first,3,2,1200,max_iter,6622,"96,41,14,57,53,27,126,77,56,3,65,98,26,76,9,47,42,7,24,101,30,122,32,67,11,87,43,6,92,115|59,12,69,79,64,40,68,88,123,109,104,107,97,18,125,131,5,36,89,16,37,86,80,25,99,72,19,90,112,60,91|116,50,46,29,51,105,127,95,20,114,94,58,111,34|134,55,44,62,130,70,118,2,132,75,49,10,85,52,103,133,73,81,54,61|93,13,119,100,45,39,66,21,48,28,84,108,74,8,106,110,128,23,102,31|63,4,38,71,15,17,78,35,22,33,1,117,82,83,124|120,113,129,121",true,shared_by_seed,6230,6230,436.144592,10,10,0,0,0,30,0,0.749004,10,0,true,ok,,0.0,0.0,0.0,False,0,none,0.0,0,0,0,0,0,0,0.0,0,0,0,0,0,0,0,0,0,0,0,0,0,0,0,0,0,/home/olivia3/Proyectos Uni/vrp/results/confirmatorios/f-n135-k7-vns-vs-ivns-efg-high-first-t1.50/summary-f-n135-k7-vns-ivns-efg-high-first-t1.50.csv,confirmatory_f
ivns_F-n135-k7_50,ivns,F-n135-k7,50,1162,10,2,5,5,50,first,3,2,1200,max_iter,6622,"96,41,14,57,53,27,126,77,56,3,65,98,26,76,9,47,42,7,24,101,30,122,32,67,11,87,43,6,92,115|59,12,69,79,64,40,68,88,123,109,104,107,97,18,125,131,5,36,89,16,37,86,80,25,99,72,19,90,112,60,91|116,50,46,29,51,105,127,95,20,114,94,58,111,34|134,55,44,62,130,70,118,2,132,75,49,10,85,52,103,133,73,81,54,61|93,13,119,100,45,39,66,21,48,28,84,108,74,8,106,110,128,23,102,31|63,4,38,71,15,17,78,35,22,33,1,117,82,83,124|120,113,129,121",true,shared_by_seed,6014,6014,417.555939,10,2,0,0,8,2,12,12.569045,6,0,true,ok,,5.5,17.6,1.5,True,0,none,0.0,0,0,0,0,0,0,0.0,12,10,2,2,10,2,9,0,0,0,0,0,0,0,0,0,0,/home/olivia3/Proyectos Uni/vrp/results/confirmatorios/f-n135-k7-vns-vs-ivns-efg-high-first-t1.50/summary-f-n135-k7-vns-ivns-efg-high-first-t1.50.csv,confirmatory_f
vns_F-n135-k7_51,vns,F-n135-k7,51,1162,10,2,5,5,0,first,3,2,1200,max_iter,6839,"6,93,15,62,117,47,112,94,100,41,38,26,74,115,104,121,27,14,90,116,53,45,111,127,16,123,58,56,59,78,110,91,36,119,28,122,29,18|96,25,101,54,89,55,20,64,129,8,7,34,92,12,87,23,46,49,17,120,71,107,88,63,57,82|133,76,86,84,128,69,1,98,66,31,13,80,102,132,48,51,68,79,5|10,24,22,124,113,67,118,44,70,109,65,42,126,130,40,52,37,108,99,105|134,60,97,50,3,35,61,21,125,32,73,72,75,131,4,83,43,11,9,2,39,77,85,19|33,30,103,106,81|114,95",true,shared_by_seed,5920,5920,409.466461,10,10,0,0,0,30,0,0.702003,10,0,true,ok,,0.0,0.0,0.0,False,0,none,0.0,0,0,0,0,0,0,0.0,0,0,0,0,0,0,0,0,0,0,0,0,0,0,0,0,0,/home/olivia3/Proyectos Uni/vrp/results/confirmatorios/f-n135-k7-vns-vs-ivns-efg-high-first-t1.50/summary-f-n135-k7-vns-ivns-efg-high-first-t1.50.csv,confirmatory_f
ivns_F-n135-k7_51,ivns,F-n135-k7,51,1162,10,2,5,5,50,first,3,2,1200,max_iter,6839,"6,93,15,62,117,47,112,94,100,41,38,26,74,115,104,121,27,14,90,116,53,45,111,127,16,123,58,56,59,78,110,91,36,119,28,122,29,18|96,25,101,54,89,55,20,64,129,8,7,34,92,12,87,23,46,49,17,120,71,107,88,63,57,82|133,76,86,84,128,69,1,98,66,31,13,80,102,132,48,51,68,79,5|10,24,22,124,113,67,118,44,70,109,65,42,126,130,40,52,37,108,99,105|134,60,97,50,3,35,61,21,125,32,73,72,75,131,4,83,43,11,9,2,39,77,85,19|33,30,103,106,81|114,95",true,shared_by_seed,6839,6839,488.55423,10,0,0,0,10,0,17,15.524057,0,0,true,ok,,7.0,23.1,1.5,True,0,none,0.0,0,0,0,0,0,0,0.0,17,10,7,0,10,0,10,0,0,0,0,0,0,0,0,0,0,/home/olivia3/Proyectos Uni/vrp/results/confirmatorios/f-n135-k7-vns-vs-ivns-efg-high-first-t1.50/summary-f-n135-k7-vns-ivns-efg-high-first-t1.50.csv,confirmatory_f
vns_F-n135-k7_52,vns,F-n135-k7,52,1162,10,2,5,5,0,first,3,2,1200,max_iter,7338,"6,104,118,24,26,27,86,117,101,4,45,19,50,96,115,52,87,49,107,32,94,120,55,133,40,66,44,56,13|116,36,112,125,97,10,88,84,100,106,33,119,7,11,131,25,99,93,43,51,113,16|98,79,75,126,38,103,71,63,111,65,62,47,48,30|57,91,35,83,2,21,82,132,37,76|134,81,1,53,109,70,72,78,85,127,42,128,23,18,92,77,74,29,130,90,58,110,22,41,46,68,102,8,15,39,73,124,54,3|5,129,105,14,108,69,121,64,60,80,67,89,59,123,20,122,61,9,12,28,34,17,31|95,114",true,shared_by_seed,6677,6677,474.612701,10,10,0,0,0,30,0,0.680003,10,0,true,ok,,0.0,0.0,0.0,False,0,none,0.0,0,0,0,0,0,0,0.0,0,0,0,0,0,0,0,0,0,0,0,0,0,0,0,0,0,/home/olivia3/Proyectos Uni/vrp/results/confirmatorios/f-n135-k7-vns-vs-ivns-efg-high-first-t1.50/summary-f-n135-k7-vns-ivns-efg-high-first-t1.50.csv,confirmatory_f
ivns_F-n135-k7_52,ivns,F-n135-k7,52,1162,10,2,5,5,50,first,3,2,1200,max_iter,7338,"6,104,118,24,26,27,86,117,101,4,45,19,50,96,115,52,87,49,107,32,94,120,55,133,40,66,44,56,13|116,36,112,125,97,10,88,84,100,106,33,119,7,11,131,25,99,93,43,51,113,16|98,79,75,126,38,103,71,63,111,65,62,47,48,30|57,91,35,83,2,21,82,132,37,76|134,81,1,53,109,70,72,78,85,127,42,128,23,18,92,77,74,29,130,90,58,110,22,41,46,68,102,8,15,39,73,124,54,3|5,129,105,14,108,69,121,64,60,80,67,89,59,123,20,122,61,9,12,28,34,17,31|95,114",true,shared_by_seed,7338,7338,531.497437,10,0,0,0,10,0,20,15.465057,0,0,true,ok,,6.1,19.6,1.5,True,0,none,0.0,0,0,0,0,0,0,0.0,20,10,10,0,10,0,10,0,0,0,0,0,0,0,0,0,0,/home/olivia3/Proyectos Uni/vrp/results/confirmatorios/f-n135-k7-vns-vs-ivns-efg-high-first-t1.50/summary-f-n135-k7-vns-ivns-efg-high-first-t1.50.csv,confirmatory_f
vns_F-n135-k7_53,vns,F-n135-k7,53,1162,10,2,5,5,0,first,3,2,1200,max_iter,6996,"6,53,34,77,91,25,100,59,97,28,21,72,115,47,95,113,24,5,38|88,123,121,29,36,4,131,129,55,65,83,17,51,78,48,15,69,85,56|60,54,99,84,40,8,133,30,90,71,120|116,104,81,33,82,119,70,19,112,37,98,61,3,117,125,94,63,111,93,49,58,107,27,2|122,35,7,14,16,26,9,132,57,45,110,52,109,79,103,1,124,96,68,32,126,89|20,39,134,13,87,86,64,46,18,44,118,66,10,62,106,22,42,73,31,43,127,23,12,114,130,128,76,50,101,11|74,80,41,75,105,102,67,92,108",true,shared_by_seed,6251,6251,437.951813,10,10,0,0,0,30,0,0.834003,10,0,true,ok,,0.0,0.0,0.0,False,0,none,0.0,0,0,0,0,0,0,0.0,0,0,0,0,0,0,0,0,0,0,0,0,0,0,0,0,0,/home/olivia3/Proyectos Uni/vrp/results/confirmatorios/f-n135-k7-vns-vs-ivns-efg-high-first-t1.50/summary-f-n135-k7-vns-ivns-efg-high-first-t1.50.csv,confirmatory_f
ivns_F-n135-k7_53,ivns,F-n135-k7,53,1162,10,2,5,5,50,first,3,2,1200,max_iter,6996,"6,53,34,77,91,25,100,59,97,28,21,72,115,47,95,113,24,5,38|88,123,121,29,36,4,131,129,55,65,83,17,51,78,48,15,69,85,56|60,54,99,84,40,8,133,30,90,71,120|116,104,81,33,82,119,70,19,112,37,98,61,3,117,125,94,63,111,93,49,58,107,27,2|122,35,7,14,16,26,9,132,57,45,110,52,109,79,103,1,124,96,68,32,126,89|20,39,134,13,87,86,64,46,18,44,118,66,10,62,106,22,42,73,31,43,127,23,12,114,130,128,76,50,101,11|74,80,41,75,105,102,67,92,108",true,shared_by_seed,6331,6331,444.836487,10,2,0,0,8,2,10,13.475049,7,0,true,ok,,7.0,21.4,1.5,True,0,none,0.0,0,0,0,0,0,0,0.0,10,10,0,2,10,2,10,0,0,0,0,0,0,0,0,0,0,/home/olivia3/Proyectos Uni/vrp/results/confirmatorios/f-n135-k7-vns-vs-ivns-efg-high-first-t1.50/summary-f-n135-k7-vns-ivns-efg-high-first-t1.50.csv,confirmatory_f
vns_F-n135-k7_54,vns,F-n135-k7,54,1162,10,2,5,5,0,first,3,2,1200,max_iter,6506,"6,17,13,8,60,55,62,76,122,91,52,65,114,10,112,9,119,18,41,128,101,45,43,35,49,59,64,66,77,19,42,46|96,87,116,133,102,73,70,132,15,38,104,85,61,109,53,83,94,37,124,99,27,14,51,129,126,86|24,72,90,93,26,11,74,25,58,44,98,28,84,88,130,48,54,67,89,20,32,106,56,69,103,50,12,23,82,1|125,29,31,115,3,5,78,97,63,123,117,68,4,22,36,21,95,39,100|134,75,47,34,7,107,40,2,121,80,105,108,33|16,79,92,71,118,57,30,111,113,110|131,81,127,120",true,shared_by_seed,5831,5831,401.80722,10,10,0,0,0,30,0,0.815004,10,0,true,ok,,0.0,0.0,0.0,False,0,none,0.0,0,0,0,0,0,0,0.0,0,0,0,0,0,0,0,0,0,0,0,0,0,0,0,0,0,/home/olivia3/Proyectos Uni/vrp/results/confirmatorios/f-n135-k7-vns-vs-ivns-efg-high-first-t1.50/summary-f-n135-k7-vns-ivns-efg-high-first-t1.50.csv,confirmatory_f
ivns_F-n135-k7_54,ivns,F-n135-k7,54,1162,10,2,5,5,50,first,3,2,1200,max_iter,6506,"6,17,13,8,60,55,62,76,122,91,52,65,114,10,112,9,119,18,41,128,101,45,43,35,49,59,64,66,77,19,42,46|96,87,116,133,102,73,70,132,15,38,104,85,61,109,53,83,94,37,124,99,27,14,51,129,126,86|24,72,90,93,26,11,74,25,58,44,98,28,84,88,130,48,54,67,89,20,32,106,56,69,103,50,12,23,82,1|125,29,31,115,3,5,78,97,63,123,117,68,4,22,36,21,95,39,100|134,75,47,34,7,107,40,2,121,80,105,108,33|16,79,92,71,118,57,30,111,113,110|131,81,127,120",true,shared_by_seed,6506,6506,459.896698,10,0,0,0,10,0,18,15.492056,0,0,true,ok,,6.4,20.4,1.5,True,0,none,0.0,0,0,0,0,0,0,0.0,18,10,8,0,10,0,10,0,0,0,0,0,0,0,0,0,0,/home/olivia3/Proyectos Uni/vrp/results/confirmatorios/f-n135-k7-vns-vs-ivns-efg-high-first-t1.50/summary-f-n135-k7-vns-ivns-efg-high-first-t1.50.csv,confirmatory_f
vns_F-n135-k7_55,vns,F-n135-k7,55,1162,10,2,5,5,0,first,3,2,1200,max_iter,7237,"6,133,116,99,27,47,72,56,91,20,73,58,52,112,37,17,43,127,34,31,88,4,132,111,13,79,7,61,109|14,23,12,16,100,60,86,3,75,11,107,10,40,63,118,30,51,96,36,35,28,76,90,106,103|104,65,18,89,57,98,67,42,2,108,5,120,53,82,15|85,129,9,24,70,78,126,130,87,81,105,50,113,92,69,122,74,80,49,54,48,66|29,22,8,115,45,64,114,97,119,77,26,93,46,59,21,101,117,32,131,110,94,41,68,25|134,102,123,38,71,19,39,121,128,124,44,1,62,33,125,84,55|83,95",true,shared_by_seed,6802,6802,485.370056,10,10,0,0,0,30,0,0.840003,10,0,true,ok,,0.0,0.0,0.0,False,0,none,0.0,0,0,0,0,0,0,0.0,0,0,0,0,0,0,0,0,0,0,0,0,0,0,0,0,0,/home/olivia3/Proyectos Uni/vrp/results/confirmatorios/f-n135-k7-vns-vs-ivns-efg-high-first-t1.50/summary-f-n135-k7-vns-ivns-efg-high-first-t1.50.csv,confirmatory_f
ivns_F-n135-k7_55,ivns,F-n135-k7,55,1162,10,2,5,5,50,first,3,2,1200,max_iter,7237,"6,133,116,99,27,47,72,56,91,20,73,58,52,112,37,17,43,127,34,31,88,4,132,111,13,79,7,61,109|14,23,12,16,100,60,86,3,75,11,107,10,40,63,118,30,51,96,36,35,28,76,90,106,103|104,65,18,89,57,98,67,42,2,108,5,120,53,82,15|85,129,9,24,70,78,126,130,87,81,105,50,113,92,69,122,74,80,49,54,48,66|29,22,8,115,45,64,114,97,119,77,26,93,46,59,21,101,117,32,131,110,94,41,68,25|134,102,123,38,71,19,39,121,128,124,44,1,62,33,125,84,55|83,95",true,shared_by_seed,6834,6834,488.123932,10,1,0,0,9,1,19,14.022052,6,0,true,ok,,5.6,17.6,1.5,True,0,none,0.0,0,0,0,0,0,0,0.0,19,10,9,1,10,1,9,0,0,0,0,0,0,0,0,0,0,/home/olivia3/Proyectos Uni/vrp/results/confirmatorios/f-n135-k7-vns-vs-ivns-efg-high-first-t1.50/summary-f-n135-k7-vns-ivns-efg-high-first-t1.50.csv,confirmatory_f
vns_F-n135-k7_56,vns,F-n135-k7,56,1162,10,2,5,5,0,first,3,2,1200,max_iter,6243,"6,8,60,47,80,83,85,7,18,88,45,5,64,13,109,73,78,42,110,118,87,14,71,17|20,104,9,89,3,101,54,112,36,86,33,55,31,43,10,50,129,66,57,74,82,99,27,133,52,84,62,94,41|93,96,34,100,97,98,53,114,108,69,38,105,130,19,121,4,26,44,103,22|32,39,72,46,59,128,70,77,81,35,122,40,119,127,124,12,102,117,37,95,58|15,92,11,29,65,91,126,106,63,30,67,21,116,113,115,16,79,51|107,131,49,28,111,132,90,123,2,75,76,56|48,24,25,125,134,120,1,23,68,61",true,shared_by_seed,5828,5828,401.549042,10,10,0,0,0,30,0,0.802003,10,0,true,ok,,0.0,0.0,0.0,False,0,none,0.0,0,0,0,0,0,0,0.0,0,0,0,0,0,0,0,0,0,0,0,0,0,0,0,0,0,/home/olivia3/Proyectos Uni/vrp/results/confirmatorios/f-n135-k7-vns-vs-ivns-efg-high-first-t1.50/summary-f-n135-k7-vns-ivns-efg-high-first-t1.50.csv,confirmatory_f
ivns_F-n135-k7_56,ivns,F-n135-k7,56,1162,10,2,5,5,50,first,3,2,1200,max_iter,6243,"6,8,60,47,80,83,85,7,18,88,45,5,64,13,109,73,78,42,110,118,87,14,71,17|20,104,9,89,3,101,54,112,36,86,33,55,31,43,10,50,129,66,57,74,82,99,27,133,52,84,62,94,41|93,96,34,100,97,98,53,114,108,69,38,105,130,19,121,4,26,44,103,22|32,39,72,46,59,128,70,77,81,35,122,40,119,127,124,12,102,117,37,95,58|15,92,11,29,65,91,126,106,63,30,67,21,116,113,115,16,79,51|107,131,49,28,111,132,90,123,2,75,76,56|48,24,25,125,134,120,1,23,68,61",true,shared_by_seed,6050,6050,420.654053,10,1,0,0,9,1,14,14.061052,5,0,true,ok,,6.3,19.1,1.5,True,0,none,0.0,0,0,0,0,0,0,0.0,14,10,4,1,10,1,9,0,0,0,0,0,0,0,0,0,0,/home/olivia3/Proyectos Uni/vrp/results/confirmatorios/f-n135-k7-vns-vs-ivns-efg-high-first-t1.50/summary-f-n135-k7-vns-ivns-efg-high-first-t1.50.csv,confirmatory_f
vns_F-n135-k7_57,vns,F-n135-k7,57,1162,10,2,5,5,0,first,3,2,1200,max_iter,6477,"6,112,51,116,76,73,53,109,65,127,110,24,96,41,77,133,27,13,131,19,90,115,113,117,81,39|8,89,42,5,102,22,122,88,43,97,50,75,120,21,46,129,103,64,79,35,18,17,121,16,125,59,62,54,68,49|1,93,57,99,4,52,80,94,37,100,11,67,12,72,83,9,45,69,123,36,60|66,98,130,91,47,38,119,85,28,10,15,7,56,126,106,95|63,86,40,23,78,34,70,3,82,2,25,61,104,14,87,107,20,128,92,30|31,134,33,44,118,105,111,124,58,71,55,26,32,74,108,101,29,48|114,132,84",true,shared_by_seed,5641,5641,385.456116,10,10,0,0,0,30,0,0.819004,10,0,true,ok,,0.0,0.0,0.0,False,0,none,0.0,0,0,0,0,0,0,0.0,0,0,0,0,0,0,0,0,0,0,0,0,0,0,0,0,0,/home/olivia3/Proyectos Uni/vrp/results/confirmatorios/f-n135-k7-vns-vs-ivns-efg-high-first-t1.50/summary-f-n135-k7-vns-ivns-efg-high-first-t1.50.csv,confirmatory_f
ivns_F-n135-k7_57,ivns,F-n135-k7,57,1162,10,2,5,5,50,first,3,2,1200,max_iter,6477,"6,112,51,116,76,73,53,109,65,127,110,24,96,41,77,133,27,13,131,19,90,115,113,117,81,39|8,89,42,5,102,22,122,88,43,97,50,75,120,21,46,129,103,64,79,35,18,17,121,16,125,59,62,54,68,49|1,93,57,99,4,52,80,94,37,100,11,67,12,72,83,9,45,69,123,36,60|66,98,130,91,47,38,119,85,28,10,15,7,56,126,106,95|63,86,40,23,78,34,70,3,82,2,25,61,104,14,87,107,20,128,92,30|31,134,33,44,118,105,111,124,58,71,55,26,32,74,108,101,29,48|114,132,84",true,shared_by_seed,6093,6093,424.354553,10,1,0,0,9,1,10,14.063051,2,0,true,ok,,6.2,19.5,1.5,True,0,none,0.0,0,0,0,0,0,0,0.0,10,10,0,1,10,1,9,0,0,0,0,0,0,0,0,0,0,/home/olivia3/Proyectos Uni/vrp/results/confirmatorios/f-n135-k7-vns-vs-ivns-efg-high-first-t1.50/summary-f-n135-k7-vns-ivns-efg-high-first-t1.50.csv,confirmatory_f
vns_F-n135-k7_58,vns,F-n135-k7,58,1162,10,2,5,5,0,first,3,2,1200,max_iter,6735,"6,93,59,5,9,102,13,67,10,39,19,87,104,26,120,29,11,112,114,31,85|27,119,60,73,99,22,82,12,18,38,78,46,64,126,17,79,14,24,129,50,75,54,111,32,97,84,108,88,125,63,127,110,55|116,134,66,57,117,92,81,86,109,80,113,40,25,56,118,105,90,53,20,36,98,61,68,128,42,44,3,16,43,94,76,28,123,58,115,122|7,103,4,21,30,74,69,101,77,124,71,49,47|133,65,131,23,100,91,8,62,2,89,1,95,96,70|107,83,15,35,45,41,121,106,34,37,48,52,130|72,33,132,51",true,shared_by_seed,6445,6445,454.647156,10,10,0,0,0,30,0,0.863004,10,0,true,ok,,0.0,0.0,0.0,False,0,none,0.0,0,0,0,0,0,0,0.0,0,0,0,0,0,0,0,0,0,0,0,0,0,0,0,0,0,/home/olivia3/Proyectos Uni/vrp/results/confirmatorios/f-n135-k7-vns-vs-ivns-efg-high-first-t1.50/summary-f-n135-k7-vns-ivns-efg-high-first-t1.50.csv,confirmatory_f
ivns_F-n135-k7_58,ivns,F-n135-k7,58,1162,10,2,5,5,50,first,3,2,1200,max_iter,6735,"6,93,59,5,9,102,13,67,10,39,19,87,104,26,120,29,11,112,114,31,85|27,119,60,73,99,22,82,12,18,38,78,46,64,126,17,79,14,24,129,50,75,54,111,32,97,84,108,88,125,63,127,110,55|116,134,66,57,117,92,81,86,109,80,113,40,25,56,118,105,90,53,20,36,98,61,68,128,42,44,3,16,43,94,76,28,123,58,115,122|7,103,4,21,30,74,69,101,77,124,71,49,47|133,65,131,23,100,91,8,62,2,89,1,95,96,70|107,83,15,35,45,41,121,106,34,37,48,52,130|72,33,132,51",true,shared_by_seed,6395,6395,450.344238,10,1,0,0,9,1,18,14.916054,7,0,true,ok,,7.6,23.9,1.5,True,0,none,0.0,0,0,0,0,0,0,0.0,18,10,8,1,10,1,10,0,0,0,0,0,0,0,0,0,0,/home/olivia3/Proyectos Uni/vrp/results/confirmatorios/f-n135-k7-vns-vs-ivns-efg-high-first-t1.50/summary-f-n135-k7-vns-ivns-efg-high-first-t1.50.csv,confirmatory_f
vns_F-n135-k7_59,vns,F-n135-k7,59,1162,10,2,5,5,0,first,3,2,1200,max_iter,7159,"6,79,103,54,14,108,87,94,25,5,121,124,69,53,93,119,99,41,85,96,66,81,86,133,12,98,28,131,70,105|55,73,21,10,65,118,88,76,61,125,36,46,48,18,58,3,17,64,45,39,116,51,42,117,34,111,59,115,56,106,104,112,44,7,23,107,78,24,63,57,13,27,75|77,8,97,129,26,126,30,92,4,35,80,113,68,122|134,128,19,50,11,16,15,43,22,37,100,130,33,110,74,52,20,31,40,1,89,109|71,84,9,83,62,95|102,60,127,38,90,123,72,67,82,49,2,29,47,114,101,91,32|120,132",true,shared_by_seed,6653,6653,472.547333,10,10,0,0,0,30,0,0.788002,10,0,true,ok,,0.0,0.0,0.0,False,0,none,0.0,0,0,0,0,0,0,0.0,0,0,0,0,0,0,0,0,0,0,0,0,0,0,0,0,0,/home/olivia3/Proyectos Uni/vrp/results/confirmatorios/f-n135-k7-vns-vs-ivns-efg-high-first-t1.50/summary-f-n135-k7-vns-ivns-efg-high-first-t1.50.csv,confirmatory_f
ivns_F-n135-k7_59,ivns,F-n135-k7,59,1162,10,2,5,5,50,first,3,2,1200,max_iter,7159,"6,79,103,54,14,108,87,94,25,5,121,124,69,53,93,119,99,41,85,96,66,81,86,133,12,98,28,131,70,105|55,73,21,10,65,118,88,76,61,125,36,46,48,18,58,3,17,64,45,39,116,51,42,117,34,111,59,115,56,106,104,112,44,7,23,107,78,24,63,57,13,27,75|77,8,97,129,26,126,30,92,4,35,80,113,68,122|134,128,19,50,11,16,15,43,22,37,100,130,33,110,74,52,20,31,40,1,89,109|71,84,9,83,62,95|102,60,127,38,90,123,72,67,82,49,2,29,47,114,101,91,32|120,132",true,shared_by_seed,7159,7159,516.092896,10,0,0,0,10,0,15,15.554058,0,0,true,ok,,6.9,23.0,1.5,True,0,none,0.0,0,0,0,0,0,0,0.0,15,10,5,0,10,0,10,0,0,0,0,0,0,0,0,0,0,/home/olivia3/Proyectos Uni/vrp/results/confirmatorios/f-n135-k7-vns-vs-ivns-efg-high-first-t1.50/summary-f-n135-k7-vns-ivns-efg-high-first-t1.50.csv,confirmatory_f
vns_F-n135-k7_60,vns,F-n135-k7,60,1162,10,2,5,5,0,first,3,2,1200,max_iter,6807,"6,26,121,112,101,103,14,1,52,45,27,19,43,95|63,18,57,25,37,34,3,111,24,9,55,51,80,48,62,30,23,125,39,44|104,89,15,36,22,69,35,10,41,109,88,99,130,105,86,31,102,49,115,58,32,79,16,124,70,68,50,91,93,59,107,100,21,12,85,65,60,8,42,127,2,129|126,7,92,123,84,76,128,122,117,71,5,38,114,29,40,61,81,119,74,73,133,47,4,46|17,116,78,94,11,98,90,13,110,33,97,131,87,82,96,56,113,54,75|53,66,134,108,72,118,20,28,64,77,106,132,67|120,83",true,shared_by_seed,6408,6408,451.462982,10,10,0,0,0,30,0,0.793003,10,0,true,ok,,0.0,0.0,0.0,False,0,none,0.0,0,0,0,0,0,0,0.0,0,0,0,0,0,0,0,0,0,0,0,0,0,0,0,0,0,/home/olivia3/Proyectos Uni/vrp/results/confirmatorios/f-n135-k7-vns-vs-ivns-efg-high-first-t1.50/summary-f-n135-k7-vns-ivns-efg-high-first-t1.50.csv,confirmatory_f
ivns_F-n135-k7_60,ivns,F-n135-k7,60,1162,10,2,5,5,50,first,3,2,1200,max_iter,6807,"6,26,121,112,101,103,14,1,52,45,27,19,43,95|63,18,57,25,37,34,3,111,24,9,55,51,80,48,62,30,23,125,39,44|104,89,15,36,22,69,35,10,41,109,88,99,130,105,86,31,102,49,115,58,32,79,16,124,70,68,50,91,93,59,107,100,21,12,85,65,60,8,42,127,2,129|126,7,92,123,84,76,128,122,117,71,5,38,114,29,40,61,81,119,74,73,133,47,4,46|17,116,78,94,11,98,90,13,110,33,97,131,87,82,96,56,113,54,75|53,66,134,108,72,118,20,28,64,77,106,132,67|120,83",true,shared_by_seed,6807,6807,485.800354,10,0,0,0,10,0,12,15.608057,0,0,true,ok,,8.1,25.6,1.5,True,0,none,0.0,0,0,0,0,0,0,0.0,12,10,2,0,10,0,10,0,0,0,0,0,0,0,0,0,0,/home/olivia3/Proyectos Uni/vrp/results/confirmatorios/f-n135-k7-vns-vs-ivns-efg-high-first-t1.50/summary-f-n135-k7-vns-ivns-efg-high-first-t1.50.csv,confirmatory_f
