ivns_time,instance,metric,best_variant,other_variant,median_best,median_other,statistic,p_value,cliffs_delta_positive_favors_best,p_value_holm,decision
0.2,A-n33-k5,gap_percent,baseline-best,baseline-first,60.892588,63.3131615,427.5,0.7449520967065814,0.05,1.0,no_significativo
0.2,A-n33-k5,gap_percent,baseline-best,baseline-random,60.892588,64.4478075,428.5,0.7561783785251295,0.04777777777777778,1.0,no_significativo
0.2,A-n33-k5,gap_percent,baseline-best,efg-high-best,60.892588,106.5809365,10.5,8.547630821557907e-11,0.9766666666666667,5.983341575090535e-10,significativo
0.2,A-n33-k5,gap_percent,baseline-best,efg-high-first,60.892588,109.15280150000001,33.0,7.372318736335186e-10,0.9266666666666666,4.423391241801112e-09,significativo
0.2,A-n33-k5,gap_percent,baseline-best,efg-high-random,60.892588,107.186081,2.0,3.68285295726119e-11,0.9955555555555555,2.946282365808952e-10,significativo
0.2,A-n33-k5,gap_percent,baseline-best,efg-medium-best,60.892588,87.140694,168.5,3.258617829268111e-05,0.6255555555555555,9.775853487804334e-05,significativo
0.2,A-n33-k5,gap_percent,baseline-best,efg-medium-first,60.892588,91.074131,73.0,2.5934447230273202e-08,0.8377777777777777,1.29672236151366e-07,significativo
0.2,A-n33-k5,gap_percent,baseline-best,efg-medium-random,60.892588,79.9546165,147.5,8.001468633730394e-06,0.6722222222222223,3.2005874534921574e-05,significativo
0.2,A-n33-k5,elapsed_time_seconds,baseline-best,baseline-first,0.2979445,0.34593399999999996,370.5,0.24281247875910994,0.17666666666666667,0.4856249575182199,no_significativo
0.2,A-n33-k5,elapsed_time_seconds,baseline-best,baseline-random,0.2979445,0.3224375,376.5,0.28046379497580787,0.16333333333333333,0.4856249575182199,no_significativo
0.2,A-n33-k5,elapsed_time_seconds,baseline-best,efg-high-best,0.2979445,1.773615,0.0,3.019859359162157e-11,1.0,2.4158874873297256e-10,significativo
0.2,A-n33-k5,elapsed_time_seconds,baseline-best,efg-high-first,0.2979445,1.772754,0.0,3.019859359162157e-11,1.0,2.4158874873297256e-10,significativo
0.2,A-n33-k5,elapsed_time_seconds,baseline-best,efg-high-random,0.2979445,1.6866065,0.0,3.019859359162157e-11,1.0,2.4158874873297256e-10,significativo
0.2,A-n33-k5,elapsed_time_seconds,baseline-best,efg-medium-best,0.2979445,1.1387779999999998,2.0,3.6897258539809896e-11,0.9955555555555555,2.4158874873297256e-10,significativo
0.2,A-n33-k5,elapsed_time_seconds,baseline-best,efg-medium-first,0.2979445,1.2937455,0.0,3.019859359162157e-11,1.0,2.4158874873297256e-10,significativo
0.2,A-n33-k5,elapsed_time_seconds,baseline-best,efg-medium-random,0.2979445,1.180069,0.0,3.019859359162157e-11,1.0,2.4158874873297256e-10,significativo
0.2,A-n65-k9,gap_percent,baseline-best,baseline-first,137.7768325,141.8228225,377.0,0.28375797890200827,0.1622222222222222,0.5675159578040165,no_significativo
0.2,A-n65-k9,gap_percent,baseline-best,baseline-random,137.7768325,136.7546845,440.0,0.8882997588189194,0.022222222222222223,0.8882997588189194,no_significativo
0.2,A-n65-k9,gap_percent,baseline-best,efg-high-best,137.7768325,195.52811450000002,2.0,3.6874335905067576e-11,0.9955555555555555,2.942622008974725e-10,significativo
0.2,A-n65-k9,gap_percent,baseline-best,efg-high-first,137.7768325,196.37989800000003,2.0,3.6782775112184064e-11,0.9955555555555555,2.942622008974725e-10,significativo
0.2,A-n65-k9,gap_percent,baseline-best,efg-high-random,137.7768325,199.148216,14.0,1.2056679006359843e-10,0.9688888888888889,7.234007403815906e-10,significativo
0.2,A-n65-k9,gap_percent,baseline-best,efg-medium-best,137.7768325,165.6729125,108.5,4.617541767405398e-07,0.7588888888888888,1.3852625302216193e-06,significativo
0.2,A-n65-k9,gap_percent,baseline-best,efg-medium-first,137.7768325,174.06303400000002,54.5,5.222301887177728e-09,0.8788888888888889,2.0889207548710914e-08,significativo
0.2,A-n65-k9,gap_percent,baseline-best,efg-medium-random,137.7768325,170.8688205,48.0,2.920076838514214e-09,0.8933333333333333,1.4600384192571071e-08,significativo
0.2,A-n65-k9,elapsed_time_seconds,baseline-best,baseline-first,0.7838525000000001,0.8558365,359.0,0.1808934738990854,0.20222222222222222,0.3617869477981708,no_significativo
0.2,A-n65-k9,elapsed_time_seconds,baseline-best,baseline-random,0.7838525000000001,0.7563525,473.0,0.7393988193114496,-0.051111111111111114,0.7393988193114496,no_significativo
0.2,A-n65-k9,elapsed_time_seconds,baseline-best,efg-high-best,0.7838525000000001,1.8883429999999999,0.0,3.019859359162157e-11,1.0,2.4158874873297256e-10,significativo
0.2,A-n65-k9,elapsed_time_seconds,baseline-best,efg-high-first,0.7838525000000001,2.015082,0.0,3.019859359162157e-11,1.0,2.4158874873297256e-10,significativo
0.2,A-n65-k9,elapsed_time_seconds,baseline-best,efg-high-random,0.7838525000000001,2.043015,0.0,3.019859359162157e-11,1.0,2.4158874873297256e-10,significativo
0.2,A-n65-k9,elapsed_time_seconds,baseline-best,efg-medium-best,0.7838525000000001,1.6061845,3.0,4.0746429561605154e-11,0.9933333333333333,2.4158874873297256e-10,significativo
0.2,A-n65-k9,elapsed_time_seconds,baseline-best,efg-medium-first,0.7838525000000001,1.647175,3.0,4.072122486813058e-11,0.9933333333333333,2.4158874873297256e-10,significativo
0.2,A-n65-k9,elapsed_time_seconds,baseline-best,efg-medium-random,0.7838525000000001,1.6587285,11.0,8.993406027014868e-11,0.9755555555555555,2.6980218081044606e-10,significativo
0.2,A-n80-k10,gap_percent,baseline-best,baseline-first,123.3976175,125.1843455,452.0,0.9823065615328819,-0.0044444444444444444,1.0,no_significativo
0.2,A-n80-k10,gap_percent,baseline-best,baseline-random,123.3976175,128.3891065,413.0,0.5894408266057103,0.08222222222222222,1.0,no_significativo
0.2,A-n80-k10,gap_percent,baseline-best,efg-high-best,123.3976175,166.27907549999998,18.0,1.77690788708274e-10,0.96,1.243835520957918e-09,significativo
0.2,A-n80-k10,gap_percent,baseline-best,efg-high-first,123.3976175,167.30005649999998,12.0,9.91273325385225e-11,0.9733333333333334,7.9301866030818e-10,significativo
0.2,A-n80-k10,gap_percent,baseline-best,efg-high-random,123.3976175,164.8893965,25.0,3.4741966068317727e-10,0.9444444444444444,2.0845179640990635e-09,significativo
0.2,A-n80-k10,gap_percent,baseline-best,efg-medium-best,123.3976175,154.310837,63.0,1.1023399461097623e-08,0.86,5.5116997305488116e-08,significativo
0.2,A-n80-k10,gap_percent,baseline-best,efg-medium-first,123.3976175,153.1196825,104.5,3.384038129768306e-07,0.7677777777777778,1.3536152519073224e-06,significativo
0.2,A-n80-k10,gap_percent,baseline-best,efg-medium-random,123.3976175,154.6511615,122.0,1.2860392091779297e-06,0.7288888888888889,3.858117627533789e-06,significativo
0.2,A-n80-k10,elapsed_time_seconds,baseline-best,baseline-first,0.9748155000000001,0.9398195,483.0,0.6308762921617199,-0.07333333333333333,0.6308762921617199,no_significativo
0.2,A-n80-k10,elapsed_time_seconds,baseline-best,baseline-random,0.9748155000000001,1.0892879999999998,349.0,0.13732283484699295,0.22444444444444445,0.2746456696939859,no_significativo
0.2,A-n80-k10,elapsed_time_seconds,baseline-best,efg-high-best,0.9748155000000001,2.059717,1.0,3.3383888204288e-11,0.9977777777777778,2.4158874873297256e-10,significativo
0.2,A-n80-k10,elapsed_time_seconds,baseline-best,efg-high-first,0.9748155000000001,2.0655315,0.0,3.019859359162157e-11,1.0,2.4158874873297256e-10,significativo
0.2,A-n80-k10,elapsed_time_seconds,baseline-best,efg-high-random,0.9748155000000001,2.054507,1.0,3.3383888204288e-11,0.9977777777777778,2.4158874873297256e-10,significativo
0.2,A-n80-k10,elapsed_time_seconds,baseline-best,efg-medium-best,0.9748155000000001,1.78115,9.0,7.389082518022347e-11,0.98,3.6945412590111735e-10,significativo
0.2,A-n80-k10,elapsed_time_seconds,baseline-best,efg-medium-first,0.9748155000000001,1.724496,21.0,2.371469434621338e-10,0.9533333333333334,7.114408303864015e-10,significativo
0.2,A-n80-k10,elapsed_time_seconds,baseline-best,efg-medium-random,0.9748155000000001,1.6400855,14.0,1.2056679006359843e-10,0.9688888888888889,4.822671602543937e-10,significativo
0.5,A-n33-k5,gap_percent,baseline-first,baseline-best,61.4220845,58.8502255,456.0,0.9351892749342953,-0.013333333333333334,1.0,no_significativo
0.5,A-n33-k5,gap_percent,baseline-first,baseline-random,61.4220845,60.1361565,456.0,0.9351838833151989,-0.013333333333333334,1.0,no_significativo
0.5,A-n33-k5,gap_percent,baseline-first,efg-high-best,61.4220845,85.6278345,100.5,2.4650434493061877e-07,0.7766666666666666,1.2325217246530938e-06,significativo
0.5,A-n33-k5,gap_percent,baseline-first,efg-high-first,61.4220845,94.5537075,68.5,1.769175212621407e-08,0.8477777777777777,1.238422648834985e-07,significativo
0.5,A-n33-k5,gap_percent,baseline-first,efg-high-random,61.4220845,85.9304085,92.5,1.3020783978066606e-07,0.7944444444444444,7.812470386839963e-07,significativo
0.5,A-n33-k5,gap_percent,baseline-first,efg-medium-best,61.4220845,70.72617349999999,219.0,0.0006541831711763492,0.5133333333333333,0.0026167326847053966,significativo
0.5,A-n33-k5,gap_percent,baseline-first,efg-medium-first,61.4220845,82.2238995,234.0,0.0014410045707709354,0.48,0.0043230137123128065,significativo
0.5,A-n33-k5,gap_percent,baseline-first,efg-medium-random,61.4220845,80.7110445,53.5,4.764308461193081e-09,0.8811111111111111,3.811446768954465e-08,significativo
0.5,A-n33-k5,elapsed_time_seconds,baseline-first,baseline-best,0.38151650000000004,0.317489,544.0,0.16685438247317197,-0.2088888888888889,0.16685438247317197,no_significativo
0.5,A-n33-k5,elapsed_time_seconds,baseline-first,baseline-random,0.38151650000000004,0.31501049999999997,606.0,0.02149711196072126,-0.3466666666666667,0.04299422392144252,significativo
0.5,A-n33-k5,elapsed_time_seconds,baseline-first,efg-high-best,0.38151650000000004,3.5214429999999997,0.0,3.0179667984904466e-11,1.0,2.4143734387923573e-10,significativo
0.5,A-n33-k5,elapsed_time_seconds,baseline-first,efg-high-first,0.38151650000000004,3.6274255,0.0,3.0179667984904466e-11,1.0,2.4143734387923573e-10,significativo
0.5,A-n33-k5,elapsed_time_seconds,baseline-first,efg-high-random,0.38151650000000004,3.616919,1.0,3.336305741544077e-11,0.9977777777777778,2.4143734387923573e-10,significativo
0.5,A-n33-k5,elapsed_time_seconds,baseline-first,efg-medium-best,0.38151650000000004,2.3715465,3.0,4.0746429561605154e-11,0.9933333333333333,2.4143734387923573e-10,significativo
0.5,A-n33-k5,elapsed_time_seconds,baseline-first,efg-medium-first,0.38151650000000004,2.3730035000000003,3.0,4.0746429561605154e-11,0.9933333333333333,2.4143734387923573e-10,significativo
0.5,A-n33-k5,elapsed_time_seconds,baseline-first,efg-medium-random,0.38151650000000004,2.755972,0.0,3.0179667984904466e-11,1.0,2.4143734387923573e-10,significativo
0.5,A-n65-k9,gap_percent,baseline-first,baseline-best,136.0732575,128.66269699999998,594.5,0.03324311387056708,-0.3211111111111111,0.06648622774113416,no_significativo
0.5,A-n65-k9,gap_percent,baseline-first,baseline-random,136.0732575,129.3015365,556.0,0.11881222174683102,-0.23555555555555555,0.11881222174683102,no_significativo
0.5,A-n65-k9,gap_percent,baseline-first,efg-high-best,136.0732575,181.51618200000001,6.0,5.490698716073634e-11,0.9866666666666667,3.8434891012515437e-10,significativo
0.5,A-n65-k9,gap_percent,baseline-first,efg-high-first,136.0732575,183.943779,12.0,9.91273325385225e-11,0.9733333333333334,5.94763995231135e-10,significativo
0.5,A-n65-k9,gap_percent,baseline-first,efg-high-random,136.0732575,186.4991455,0.0,3.0179667984904466e-11,1.0,2.4143734387923573e-10,significativo
0.5,A-n65-k9,gap_percent,baseline-first,efg-medium-best,136.0732575,161.371384,86.0,7.675855750354882e-08,0.8088888888888889,3.070342300141953e-07,significativo
0.5,A-n65-k9,gap_percent,baseline-first,efg-medium-first,136.0732575,160.7751315,94.0,1.47273297655874e-07,0.7911111111111111,4.4181989296762206e-07,significativo
0.5,A-n65-k9,gap_percent,baseline-first,efg-medium-random,136.0732575,164.9063035,66.0,1.4287595483856279e-08,0.8533333333333334,7.143797741928139e-08,significativo
0.5,A-n65-k9,elapsed_time_seconds,baseline-first,baseline-best,1.4130604999999998,1.1979605,478.0,0.6843225867624494,-0.06222222222222222,0.6843225867624494,no_significativo
0.5,A-n65-k9,elapsed_time_seconds,baseline-first,baseline-random,1.4130604999999998,0.9130294999999999,564.0,0.09333624572920625,-0.25333333333333335,0.1866724914584125,no_significativo
0.5,A-n65-k9,elapsed_time_seconds,baseline-first,efg-high-best,1.4130604999999998,3.783931,0.0,3.019859359162157e-11,1.0,2.4158874873297256e-10,significativo
0.5,A-n65-k9,elapsed_time_seconds,baseline-first,efg-high-first,1.4130604999999998,3.947416,0.0,3.019859359162157e-11,1.0,2.4158874873297256e-10,significativo
0.5,A-n65-k9,elapsed_time_seconds,baseline-first,efg-high-random,1.4130604999999998,4.172905,0.0,3.019859359162157e-11,1.0,2.4158874873297256e-10,significativo
0.5,A-n65-k9,elapsed_time_seconds,baseline-first,efg-medium-best,1.4130604999999998,2.966042,7.0,6.065757009046712e-11,0.9844444444444445,2.4158874873297256e-10,significativo
0.5,A-n65-k9,elapsed_time_seconds,baseline-first,efg-medium-first,1.4130604999999998,3.4864949999999997,0.0,3.019859359162157e-11,1.0,2.4158874873297256e-10,significativo
0.5,A-n65-k9,elapsed_time_seconds,baseline-first,efg-medium-random,1.4130604999999998,3.8379545000000004,2.0,3.6897258539809896e-11,0.9955555555555555,2.4158874873297256e-10,significativo
0.5,A-n80-k10,gap_percent,baseline-first,baseline-best,118.9449805,116.84628649999999,464.0,0.8417971124132747,-0.03111111111111111,1.0,no_significativo
0.5,A-n80-k10,gap_percent,baseline-first,baseline-random,118.9449805,116.420872,482.5,0.6361359966862475,-0.07222222222222222,1.0,no_significativo
0.5,A-n80-k10,gap_percent,baseline-first,efg-high-best,118.9449805,156.2960895,26.0,3.8201597819993253e-10,0.9422222222222222,2.548794058728283e-09,significativo
0.5,A-n80-k10,gap_percent,baseline-first,efg-high-first,118.9449805,154.225754,24.0,3.155334037699213e-10,0.9466666666666667,2.5242672301593703e-09,significativo
0.5,A-n80-k10,gap_percent,baseline-first,efg-high-random,118.9449805,155.076569,34.0,8.101362326146452e-10,0.9244444444444444,4.050681163073226e-09,significativo
0.5,A-n80-k10,gap_percent,baseline-first,efg-medium-best,118.9449805,143.788986,84.0,6.525003519927024e-08,0.8133333333333334,2.61000140797081e-07,significativo
0.5,A-n80-k10,gap_percent,baseline-first,efg-medium-first,118.9449805,151.758362,25.5,3.641134369611833e-10,0.9433333333333334,2.548794058728283e-09,significativo
0.5,A-n80-k10,gap_percent,baseline-first,efg-medium-random,118.9449805,138.5422595,126.0,1.7284595924987032e-06,0.72,5.18537877749611e-06,significativo
0.5,A-n80-k10,elapsed_time_seconds,baseline-first,baseline-best,1.6940635,1.822516,396.0,0.4289633888604326,0.12,0.8579267777208652,no_significativo
0.5,A-n80-k10,elapsed_time_seconds,baseline-first,baseline-random,1.6940635,1.6235425,489.0,0.5692201637415295,-0.08666666666666667,0.8579267777208652,no_significativo
0.5,A-n80-k10,elapsed_time_seconds,baseline-first,efg-high-best,1.6940635,4.417911500000001,0.0,3.019859359162157e-11,1.0,2.4158874873297256e-10,significativo
0.5,A-n80-k10,elapsed_time_seconds,baseline-first,efg-high-first,1.6940635,4.227406500000001,0.0,3.019859359162157e-11,1.0,2.4158874873297256e-10,significativo
0.5,A-n80-k10,elapsed_time_seconds,baseline-first,efg-high-random,1.6940635,4.476587,0.0,3.019859359162157e-11,1.0,2.4158874873297256e-10,significativo
0.5,A-n80-k10,elapsed_time_seconds,baseline-first,efg-medium-best,1.6940635,3.7650224999999997,3.0,4.0771648468253186e-11,0.9933333333333333,2.4158874873297256e-10,significativo
0.5,A-n80-k10,elapsed_time_seconds,baseline-first,efg-medium-first,1.6940635,4.0189710000000005,0.0,3.019859359162157e-11,1.0,2.4158874873297256e-10,significativo
0.5,A-n80-k10,elapsed_time_seconds,baseline-first,efg-medium-random,1.6940635,3.7954435,14.0,1.2056679006359843e-10,0.9688888888888889,3.617003701907953e-10,significativo
1.0,A-n33-k5,gap_percent,baseline-first,baseline-best,62.102871,59.606657,469.0,0.7844393224153119,-0.042222222222222223,1.0,no_significativo
1.0,A-n33-k5,gap_percent,baseline-first,baseline-random,62.102871,63.615738,388.0,0.3631756432329981,0.13777777777777778,1.0,no_significativo
1.0,A-n33-k5,gap_percent,baseline-first,efg-high-best,62.102871,84.568836,75.0,3.0769989421121955e-08,0.8333333333333334,2.4615991536897564e-07,significativo
1.0,A-n33-k5,gap_percent,baseline-first,efg-high-first,62.102871,78.5930405,111.0,5.595866272797792e-07,0.7533333333333333,3.917106390958455e-06,significativo
1.0,A-n33-k5,gap_percent,baseline-first,efg-high-random,62.102871,74.2057455,210.5,0.0004099022807377593,0.5322222222222223,0.002459413684426556,significativo
1.0,A-n33-k5,gap_percent,baseline-first,efg-medium-best,62.102871,59.077156,475.5,0.7116611451426869,-0.056666666666666664,1.0,no_significativo
1.0,A-n33-k5,gap_percent,baseline-first,efg-medium-first,62.102871,58.8502295,515.0,0.3402213695265398,-0.14444444444444443,1.0,no_significativo
1.0,A-n33-k5,gap_percent,baseline-first,efg-medium-random,62.102871,57.5642965,518.0,0.3182840568849845,-0.1511111111111111,1.0,no_significativo
1.0,A-n33-k5,elapsed_time_seconds,baseline-first,baseline-best,0.315999,0.42199699999999996,266.0,0.0066688764888895,0.4088888888888889,0.013337752977779,significativo
1.0,A-n33-k5,elapsed_time_seconds,baseline-first,baseline-random,0.315999,0.31549950000000004,416.0,0.6204037206277525,0.07555555555555556,0.6204037206277525,no_significativo
1.0,A-n33-k5,elapsed_time_seconds,baseline-first,efg-high-best,0.315999,6.644012,0.0,3.0179667984904466e-11,1.0,2.4143734387923573e-10,significativo
1.0,A-n33-k5,elapsed_time_seconds,baseline-first,efg-high-first,0.315999,5.7301335,0.0,3.019859359162157e-11,1.0,2.4143734387923573e-10,significativo
1.0,A-n33-k5,elapsed_time_seconds,baseline-first,efg-high-random,0.315999,6.029984,0.0,3.019859359162157e-11,1.0,2.4143734387923573e-10,significativo
1.0,A-n33-k5,elapsed_time_seconds,baseline-first,efg-medium-best,0.315999,4.2719935,0.0,3.019859359162157e-11,1.0,2.4143734387923573e-10,significativo
1.0,A-n33-k5,elapsed_time_seconds,baseline-first,efg-medium-first,0.315999,3.8180035,7.0,6.065757009046712e-11,0.9844444444444445,2.4143734387923573e-10,significativo
1.0,A-n33-k5,elapsed_time_seconds,baseline-first,efg-medium-random,0.315999,3.3955055,0.0,3.019859359162157e-11,1.0,2.4143734387923573e-10,significativo
1.0,A-n65-k9,gap_percent,baseline-first,baseline-best,127.0868835,127.129471,442.5,0.9175698862471462,0.016666666666666666,0.9175698862471462,no_significativo
1.0,A-n65-k9,gap_percent,baseline-first,baseline-random,127.0868835,134.7955705,306.0,0.03386189376398915,0.32,0.0677237875279783,no_significativo
1.0,A-n65-k9,gap_percent,baseline-first,efg-high-best,127.0868835,179.8126145,3.0,4.072122486813058e-11,0.9933333333333333,2.443273492087835e-10,significativo
1.0,A-n65-k9,gap_percent,baseline-first,efg-high-first,127.0868835,187.4787065,0.0,3.0141849228072565e-11,1.0,2.411347938245805e-10,significativo
1.0,A-n65-k9,gap_percent,baseline-first,efg-high-random,127.0868835,183.3049465,0.0,3.0179667984904466e-11,1.0,2.411347938245805e-10,significativo
1.0,A-n65-k9,gap_percent,baseline-first,efg-medium-best,127.0868835,160.945488,52.0,4.180438983040847e-09,0.8844444444444445,1.672175593216339e-08,significativo
1.0,A-n65-k9,gap_percent,baseline-first,efg-medium-first,127.0868835,156.260643,79.0,4.308759361302147e-08,0.8244444444444444,1.292627808390644e-07,significativo
1.0,A-n65-k9,gap_percent,baseline-first,efg-medium-random,127.0868835,158.8586045,44.0,2.0317127100854987e-09,0.9022222222222223,1.0158563550427494e-08,significativo
1.0,A-n65-k9,elapsed_time_seconds,baseline-first,baseline-best,0.9704969999999999,1.086995,357.0,0.17145004745971015,0.20666666666666667,0.17145004745971015,no_significativo
1.0,A-n65-k9,elapsed_time_seconds,baseline-first,baseline-random,0.9704969999999999,1.281997,315.0,0.04675584239277178,0.3,0.09351168478554356,no_significativo
1.0,A-n65-k9,elapsed_time_seconds,baseline-first,efg-high-best,0.9704969999999999,7.3876574999999995,0.0,3.019859359162157e-11,1.0,2.4158874873297256e-10,significativo
1.0,A-n65-k9,elapsed_time_seconds,baseline-first,efg-high-first,0.9704969999999999,7.3803085,0.0,3.019859359162157e-11,1.0,2.4158874873297256e-10,significativo
1.0,A-n65-k9,elapsed_time_seconds,baseline-first,efg-high-random,0.9704969999999999,7.3233365,0.0,3.019859359162157e-11,1.0,2.4158874873297256e-10,significativo
1.0,A-n65-k9,elapsed_time_seconds,baseline-first,efg-medium-best,0.9704969999999999,4.8554975,3.0,4.0771648468253186e-11,0.9933333333333333,2.4158874873297256e-10,significativo
1.0,A-n65-k9,elapsed_time_seconds,baseline-first,efg-medium-first,0.9704969999999999,5.168506000000001,3.0,4.0771648468253186e-11,0.9933333333333333,2.4158874873297256e-10,significativo
1.0,A-n65-k9,elapsed_time_seconds,baseline-first,efg-medium-random,0.9704969999999999,5.4025085,1.0,3.3383888204288e-11,0.9977777777777778,2.4158874873297256e-10,significativo
1.0,A-n80-k10,gap_percent,baseline-first,baseline-best,106.6080555,113.131027,263.5,0.0059598986153830864,0.41444444444444445,0.011919797230766173,significativo
1.0,A-n80-k10,gap_percent,baseline-first,baseline-random,106.6080555,109.52921699999999,415.5,0.6151665111746842,0.07666666666666666,0.6151665111746842,no_significativo
1.0,A-n80-k10,gap_percent,baseline-first,efg-high-best,106.6080555,153.2898485,17.0,1.6113504591755666e-10,0.9622222222222222,9.6681027550534e-10,significativo
1.0,A-n80-k10,gap_percent,baseline-first,efg-high-first,106.6080555,143.5337445,12.0,9.900952062790653e-11,0.9733333333333334,6.930666443953457e-10,significativo
1.0,A-n80-k10,gap_percent,baseline-first,efg-high-random,106.6080555,149.2909775,8.5,7.025454884041102e-11,0.9811111111111112,5.620363907232882e-10,significativo
1.0,A-n80-k10,gap_percent,baseline-first,efg-medium-best,106.6080555,130.487808,63.0,1.1013112848046761e-08,0.86,3.303933854414028e-08,significativo
1.0,A-n80-k10,gap_percent,baseline-first,efg-medium-first,106.6080555,127.3964805,40.5,1.4749266965974519e-09,0.91,7.374633482987259e-09,significativo
1.0,A-n80-k10,gap_percent,baseline-first,efg-medium-random,106.6080555,128.2189405,45.0,2.2261334668426946e-09,0.9,8.904533867370778e-09,significativo
1.0,A-n80-k10,elapsed_time_seconds,baseline-first,baseline-best,1.945494,2.1599905,419.0,0.6520436224006357,0.06888888888888889,1.0,no_significativo
1.0,A-n80-k10,elapsed_time_seconds,baseline-first,baseline-random,1.945494,1.931496,474.0,0.7282652959955469,-0.05333333333333334,1.0,no_significativo
1.0,A-n80-k10,elapsed_time_seconds,baseline-first,efg-high-best,1.945494,8.0819575,5.0,4.9751664405934084e-11,0.9888888888888889,2.985099864356045e-10,significativo
1.0,A-n80-k10,elapsed_time_seconds,baseline-first,efg-high-first,1.945494,7.431782500000001,2.0,3.6897258539809896e-11,0.9955555555555555,2.67071105634304e-10,significativo
1.0,A-n80-k10,elapsed_time_seconds,baseline-first,efg-high-random,1.945494,7.6761610000000005,1.0,3.3383888204288e-11,0.9977777777777778,2.67071105634304e-10,significativo
1.0,A-n80-k10,elapsed_time_seconds,baseline-first,efg-medium-best,1.945494,6.087002,9.0,7.389082518022347e-11,0.98,3.032878504523356e-10,significativo
1.0,A-n80-k10,elapsed_time_seconds,baseline-first,efg-medium-first,1.945494,5.809008,7.0,6.065757009046712e-11,0.9844444444444445,3.032878504523356e-10,significativo
1.0,A-n80-k10,elapsed_time_seconds,baseline-first,efg-medium-random,1.945494,5.93201,15.0,1.328851208138703e-10,0.9666666666666667,3.986553624416109e-10,significativo
1.5,A-n33-k5,gap_percent,baseline-first,baseline-best,57.413011499999996,58.925869,444.0,0.9351811870010064,0.013333333333333334,1.0,no_significativo
1.5,A-n33-k5,gap_percent,baseline-first,baseline-random,57.413011499999996,61.1195185,400.0,0.46421083603215796,0.1111111111111111,1.0,no_significativo
1.5,A-n33-k5,gap_percent,baseline-first,efg-high-best,57.413011499999996,82.223904,113.0,6.51450625714096e-07,0.7488888888888889,5.211605005712768e-06,significativo
1.5,A-n33-k5,gap_percent,baseline-first,efg-high-first,57.413011499999996,73.1467435,174.0,4.633330908287179e-05,0.6133333333333333,0.00027799985449723075,significativo
1.5,A-n33-k5,gap_percent,baseline-first,efg-high-random,57.413011499999996,78.59303650000001,118.0,9.523299395673146e-07,0.7377777777777778,6.666309576971202e-06,significativo
1.5,A-n33-k5,gap_percent,baseline-first,efg-medium-best,57.413011499999996,53.403934500000005,517.0,0.32547953260411244,-0.14888888888888888,1.0,no_significativo
1.5,A-n33-k5,gap_percent,baseline-first,efg-medium-first,57.413011499999996,55.295009500000006,505.0,0.4203411338914417,-0.12222222222222222,1.0,no_significativo
1.5,A-n33-k5,gap_percent,baseline-first,efg-medium-random,57.413011499999996,54.538578,507.0,0.4035048751601372,-0.12666666666666668,1.0,no_significativo
1.5,A-n33-k5,elapsed_time_seconds,baseline-first,baseline-best,0.297351,0.2628685,511.0,0.37106373977996965,-0.13555555555555557,0.37106373977996965,no_significativo
1.5,A-n33-k5,elapsed_time_seconds,baseline-first,baseline-random,0.297351,0.212893,625.5,0.009672841448422455,-0.39,0.01934568289684491,significativo
1.5,A-n33-k5,elapsed_time_seconds,baseline-first,efg-high-best,0.297351,8.900048,0.0,3.019859359162157e-11,1.0,2.4158874873297256e-10,significativo
1.5,A-n33-k5,elapsed_time_seconds,baseline-first,efg-high-first,0.297351,8.478245000000001,0.0,3.019859359162157e-11,1.0,2.4158874873297256e-10,significativo
1.5,A-n33-k5,elapsed_time_seconds,baseline-first,efg-high-random,0.297351,9.55796,0.0,3.019859359162157e-11,1.0,2.4158874873297256e-10,significativo
1.5,A-n33-k5,elapsed_time_seconds,baseline-first,efg-medium-best,0.297351,4.347825,0.0,3.019859359162157e-11,1.0,2.4158874873297256e-10,significativo
1.5,A-n33-k5,elapsed_time_seconds,baseline-first,efg-medium-first,0.297351,4.6046965,2.0,3.6897258539809896e-11,0.9955555555555555,2.4158874873297256e-10,significativo
1.5,A-n33-k5,elapsed_time_seconds,baseline-first,efg-medium-random,0.297351,4.992003,0.0,3.019859359162157e-11,1.0,2.4158874873297256e-10,significativo
1.5,A-n65-k9,gap_percent,baseline-first,baseline-best,128.918228,133.13459,349.0,0.13731191198426332,0.22444444444444445,0.27462382396852664,no_significativo
1.5,A-n65-k9,gap_percent,baseline-first,baseline-random,128.918228,129.0459975,457.0,0.9234389507926871,-0.015555555555555555,0.9234389507926871,no_significativo
1.5,A-n65-k9,gap_percent,baseline-first,efg-high-best,128.918228,187.3935315,0.0,3.0179667984904466e-11,1.0,2.4143734387923573e-10,significativo
1.5,A-n65-k9,gap_percent,baseline-first,efg-high-first,128.918228,182.921631,0.0,3.019859359162157e-11,1.0,2.4143734387923573e-10,significativo
1.5,A-n65-k9,gap_percent,baseline-first,efg-high-random,128.918228,179.2589415,0.0,3.019859359162157e-11,1.0,2.4143734387923573e-10,significativo
1.5,A-n65-k9,gap_percent,baseline-first,efg-medium-best,128.918228,159.1141435,87.0,8.351995916556161e-08,0.8066666666666666,2.5055987749668484e-07,significativo
1.5,A-n65-k9,gap_percent,baseline-first,efg-medium-first,128.918228,153.96081550000002,29.0,5.072313498155901e-10,0.9355555555555556,2.5361567490779507e-09,significativo
1.5,A-n65-k9,gap_percent,baseline-first,efg-medium-random,128.918228,164.608177,47.0,2.668123182763968e-09,0.8955555555555555,1.0672492731055872e-08,significativo
1.5,A-n65-k9,elapsed_time_seconds,baseline-first,baseline-best,0.636681,1.0499749999999999,331.0,0.07978164712498097,0.2644444444444444,0.08119000107338528,no_significativo
1.5,A-n65-k9,elapsed_time_seconds,baseline-first,baseline-random,0.636681,0.9085455,311.0,0.04059500053669264,0.3088888888888889,0.08119000107338528,no_significativo
1.5,A-n65-k9,elapsed_time_seconds,baseline-first,efg-high-best,0.636681,10.0059945,0.0,3.019859359162157e-11,1.0,2.4158874873297256e-10,significativo
1.5,A-n65-k9,elapsed_time_seconds,baseline-first,efg-high-first,0.636681,9.819362,0.0,3.019859359162157e-11,1.0,2.4158874873297256e-10,significativo
1.5,A-n65-k9,elapsed_time_seconds,baseline-first,efg-high-random,0.636681,10.2327105,0.0,3.019859359162157e-11,1.0,2.4158874873297256e-10,significativo
1.5,A-n65-k9,elapsed_time_seconds,baseline-first,efg-medium-best,0.636681,8.102947,0.0,3.019859359162157e-11,1.0,2.4158874873297256e-10,significativo
1.5,A-n65-k9,elapsed_time_seconds,baseline-first,efg-medium-first,0.636681,7.53673,0.0,3.019859359162157e-11,1.0,2.4158874873297256e-10,significativo
1.5,A-n65-k9,elapsed_time_seconds,baseline-first,efg-medium-random,0.636681,8.1819075,0.0,3.019859359162157e-11,1.0,2.4158874873297256e-10,significativo
1.5,A-n80-k10,gap_percent,baseline-first,baseline-best,106.182648,107.487236,444.5,0.9410707147180463,0.012222222222222223,0.9410707147180463,no_significativo
1.5,A-n80-k10,gap_percent,baseline-first,baseline-random,106.182648,111.599548,265.5,0.006517868592785637,0.41,0.013035737185571274,significativo
1.5,A-n80-k10,gap_percent,baseline-first,efg-high-best,106.182648,150.5104905,0.0,3.016075319890922e-11,1.0,2.4128602559127374e-10,significativo
1.5,A-n80-k10,gap_percent,baseline-first,efg-high-first,106.182648,155.01985200000001,0.0,3.0179667984904466e-11,1.0,2.4128602559127374e-10,significativo
1.5,A-n80-k10,gap_percent,baseline-first,efg-high-random,106.182648,146.7952345,0.0,3.0179667984904466e-11,1.0,2.4128602559127374e-10,significativo
1.5,A-n80-k10,gap_percent,baseline-first,efg-medium-best,106.182648,130.487808,25.0,3.468359472708433e-10,0.9444444444444444,1.434168919061317e-09,significativo
1.5,A-n80-k10,gap_percent,baseline-first,efg-medium-first,106.182648,131.9625625,71.0,2.1937549520976802e-08,0.8422222222222222,6.581264856293041e-08,significativo
1.5,A-n80-k10,gap_percent,baseline-first,efg-medium-random,106.182648,129.4101025,23.0,2.868337838122634e-10,0.9488888888888889,1.434168919061317e-09,significativo
1.5,A-n80-k10,elapsed_time_seconds,baseline-first,baseline-best,1.594703,1.4642675,507.0,0.40353753915408586,-0.12666666666666668,0.8070750783081717,no_significativo
1.5,A-n80-k10,elapsed_time_seconds,baseline-first,baseline-random,1.594703,1.763118,417.0,0.6308762921617199,0.07333333333333333,0.8070750783081717,no_significativo
1.5,A-n80-k10,elapsed_time_seconds,baseline-first,efg-high-best,1.594703,11.118106000000001,0.0,3.019859359162157e-11,1.0,2.4158874873297256e-10,significativo
1.5,A-n80-k10,elapsed_time_seconds,baseline-first,efg-high-first,1.594703,12.0650315,0.0,3.019859359162157e-11,1.0,2.4158874873297256e-10,significativo
1.5,A-n80-k10,elapsed_time_seconds,baseline-first,efg-high-random,1.594703,11.6264905,0.0,3.019859359162157e-11,1.0,2.4158874873297256e-10,significativo
1.5,A-n80-k10,elapsed_time_seconds,baseline-first,efg-medium-best,1.594703,8.3898035,0.0,3.019859359162157e-11,1.0,2.4158874873297256e-10,significativo
1.5,A-n80-k10,elapsed_time_seconds,baseline-first,efg-medium-first,1.594703,7.487755,2.0,3.6897258539809896e-11,0.9955555555555555,2.4158874873297256e-10,significativo
1.5,A-n80-k10,elapsed_time_seconds,baseline-first,efg-medium-random,1.594703,7.3378295,0.0,3.019859359162157e-11,1.0,2.4158874873297256e-10,significativo
