instance,configuration,variant,ivns_time,metric,n,mean,std,median,q1,q3,iqr,min,max
A-n33-k5,baseline-best-t0.20,baseline-best,0.2,gap_percent,30,62.16338933333334,9.411676713296485,60.892588,55.67322275,69.17549149999999,13.502268749999992,43.872921,81.996971
A-n33-k5,baseline-best-t0.20,baseline-best,0.2,elapsed_time_seconds,30,0.3219735333333333,0.12366279980315029,0.2979445,0.230957,0.366932,0.13597499999999998,0.136975,0.610888
A-n33-k5,baseline-best-t0.50,baseline-best,0.5,gap_percent,30,60.38325733333333,10.94071632872596,58.8502255,54.76550825,69.06202325,14.296514999999992,33.131618,83.358551
A-n33-k5,baseline-best-t0.50,baseline-best,0.5,elapsed_time_seconds,30,0.3690878000000001,0.14621530958201853,0.317489,0.27174175,0.44598525,0.1742435,0.147994,0.669978
A-n33-k5,baseline-best-t1.00,baseline-best,1.0,gap_percent,30,60.877459033333345,11.00730186505115,59.606657,54.57639825,67.39788250000001,12.821484250000012,42.511349,90.317703
A-n33-k5,baseline-best-t1.00,baseline-best,1.0,elapsed_time_seconds,30,0.4890974,0.21013655590207575,0.42199699999999996,0.30749925,0.673745,0.36624575000000004,0.208,0.906995
A-n33-k5,baseline-best-t1.50,baseline-best,1.5,gap_percent,30,58.07866893333333,9.455179988859621,58.925869,52.231469000000004,66.263235,14.03176599999999,39.031773,73.222389
A-n33-k5,baseline-best-t1.50,baseline-best,1.5,elapsed_time_seconds,30,0.31317666666666655,0.150882364047084,0.2628685,0.19365349999999998,0.43553200000000003,0.24187850000000005,0.130934,0.613693
A-n33-k5,baseline-first-t0.20,baseline-first,0.2,gap_percent,30,63.3434189,11.482423459193383,63.3131615,54.87897075,67.81391875,12.934947999999999,42.813919,100.453857
A-n33-k5,baseline-first-t0.20,baseline-first,0.2,elapsed_time_seconds,30,0.3460008,0.10338936739950083,0.34593399999999996,0.2814465,0.408423,0.1269765,0.173967,0.650876
A-n33-k5,baseline-first-t0.50,baseline-first,0.5,gap_percent,30,60.020171366666666,10.457571201414137,61.4220845,53.5930415,66.37669925,12.783657750000003,39.183056,85.022697
A-n33-k5,baseline-first-t0.50,baseline-first,0.5,elapsed_time_seconds,30,0.46718819999999994,0.25929400326103,0.38151650000000004,0.29476325000000003,0.61727825,0.322515,0.181009,1.335063
A-n33-k5,baseline-first-t1.00,baseline-first,1.0,gap_percent,30,61.53303103333334,8.217499576983995,62.102871,58.1694425,64.863844,6.694401499999998,43.872921,84.720123
A-n33-k5,baseline-first-t1.00,baseline-first,1.0,elapsed_time_seconds,30,0.36723193333333337,0.2009735338811682,0.315999,0.24174974999999999,0.378749,0.13699925000000002,0.141,0.901996
A-n33-k5,baseline-first-t1.50,baseline-first,1.5,gap_percent,30,58.56278346666667,7.28888276166954,57.413011499999996,52.9122555,63.61573325,10.703477749999998,47.957642,77.458397
A-n33-k5,baseline-first-t1.50,baseline-first,1.5,elapsed_time_seconds,30,0.3620522666666667,0.19566473134102125,0.297351,0.20464749999999998,0.49924999999999997,0.2946025,0.089955,0.921539
A-n33-k5,baseline-random-t0.20,baseline-random,0.2,gap_percent,30,62.2138173,12.869867606882133,64.4478075,49.92435625,71.89863575000001,21.97427950000001,38.880486,85.476555
A-n33-k5,baseline-random-t0.20,baseline-random,0.2,elapsed_time_seconds,30,0.37366096666666665,0.17834766912322828,0.3224375,0.24270225,0.43141624999999995,0.18871399999999994,0.117977,0.807844
A-n33-k5,baseline-random-t0.50,baseline-random,0.5,gap_percent,30,59.65708566666667,10.037951990909065,60.1361565,50.1512845,66.79274025,16.64145574999999,43.116489,81.694397
A-n33-k5,baseline-random-t0.50,baseline-random,0.5,elapsed_time_seconds,30,0.3392112333333334,0.15576337579730115,0.31501049999999997,0.270259,0.355762,0.085503,0.148004,0.988032
A-n33-k5,baseline-random-t1.00,baseline-random,1.0,gap_percent,30,63.257690800000006,10.177281004486701,63.615738,56.202721,70.23449325,14.031772250000003,38.124054,83.812401
A-n33-k5,baseline-random-t1.00,baseline-random,1.0,elapsed_time_seconds,30,0.3787990333333333,0.16609333524910402,0.31549950000000004,0.25624899999999995,0.48524900000000004,0.2290000000000001,0.128999,0.694998
A-n33-k5,baseline-random-t1.50,baseline-random,1.5,gap_percent,30,59.510841600000006,10.500992423845789,61.1195185,53.933434500000004,66.45234450000001,12.518910000000005,36.157337,82.602119
A-n33-k5,baseline-random-t1.50,baseline-random,1.5,elapsed_time_seconds,30,0.2357153333333333,0.07575272846540923,0.212893,0.18540725,0.273113,0.08770575,0.133933,0.489755
A-n33-k5,efg-high-best-t0.20,efg-high-best,0.2,gap_percent,30,109.71255719999999,23.406768980643044,106.5809365,90.88501925,127.49621925,36.6112,72.465965,152.496216
A-n33-k5,efg-high-best-t0.20,efg-high-best,0.2,elapsed_time_seconds,30,1.7134989666666665,0.3654068186400659,1.773615,1.37745575,1.9572875,0.5798317500000001,1.05939,2.260139
A-n33-k5,efg-high-best-t0.50,efg-high-best,0.5,gap_percent,30,89.50075650000002,26.492206375427095,85.6278345,70.31013525,100.378214,30.068078749999998,47.20121,158.245087
A-n33-k5,efg-high-best-t0.50,efg-high-best,0.5,elapsed_time_seconds,30,3.526074033333333,0.762050305563176,3.5214429999999997,2.9626989999999997,4.20617875,1.2434797500000005,1.950966,4.73392
A-n33-k5,efg-high-best-t1.00,efg-high-best,1.0,gap_percent,30,90.03025663333332,21.733972886764104,84.568836,75.37821375,104.6520425,29.273828749999993,56.580936,134.190613
A-n33-k5,efg-high-best-t1.00,efg-high-best,1.0,elapsed_time_seconds,30,6.551011933333334,1.3632464730499645,6.644012,5.67701,7.29451475,1.6175047500000002,3.585006,9.073017
A-n33-k5,efg-high-best-t1.50,efg-high-best,1.5,gap_percent,30,85.69339366666667,24.628966296945872,82.223904,69.78063374999999,99.6974295,29.916795750000006,32.677761,143.570358
A-n33-k5,efg-high-best-t1.50,efg-high-best,1.5,elapsed_time_seconds,30,8.845908366666666,2.2474055094125838,8.900048,7.127934,10.6354305,3.5074965000000002,5.148425,12.676659
A-n33-k5,efg-high-first-t0.20,efg-high-first,0.2,gap_percent,30,112.62228916666665,28.40340033654989,109.15280150000001,98.03328175,132.29954175,34.26626,63.540089,185.627838
A-n33-k5,efg-high-first-t0.20,efg-high-first,0.2,elapsed_time_seconds,30,1.722815166666667,0.3061709290150467,1.772754,1.53333325,1.93194175,0.3986084999999999,1.049835,2.298716
A-n33-k5,efg-high-first-t0.50,efg-high-first,0.5,gap_percent,30,93.00050456666663,24.11627710466495,94.5537075,71.10438925,108.9636935,37.85930425000001,44.931923,138.124054
A-n33-k5,efg-high-first-t0.50,efg-high-first,0.5,elapsed_time_seconds,30,3.6856239666666664,0.75713998534091,3.6274255,3.296932,4.26716125,0.97022925,1.875961,5.169891
A-n33-k5,efg-high-first-t1.00,efg-high-first,1.0,gap_percent,30,81.83056013333332,18.682195540646095,78.5930405,71.02874725,90.2420595,19.21331225,52.49622,144.629349
A-n33-k5,efg-high-first-t1.00,efg-high-first,1.0,elapsed_time_seconds,30,5.8884877,1.2870936019503774,5.7301335,5.14467675,6.65841975,1.5137429999999998,3.382308,8.700647
A-n33-k5,efg-high-first-t1.50,efg-high-first,1.5,gap_percent,30,77.4936964,22.986869750463104,73.1467435,62.59455175,83.13161875,20.537067,47.352497,157.639938
A-n33-k5,efg-high-first-t1.50,efg-high-first,1.5,elapsed_time_seconds,30,8.514744733333334,2.0277556681269977,8.478245000000001,6.96937625,9.6911295,2.721753250000001,4.809213,12.315418
A-n33-k5,efg-high-random-t0.20,efg-high-random,0.2,gap_percent,30,112.63741736666664,25.309231237132796,107.186081,91.7549195,135.02269725000002,43.26777775000002,81.240547,161.270798
A-n33-k5,efg-high-random-t0.20,efg-high-random,0.2,elapsed_time_seconds,30,1.7129975999999998,0.34091283926647736,1.6866065,1.544634,1.99703325,0.45239925000000003,0.999765,2.228482
A-n33-k5,efg-high-random-t0.50,efg-high-random,0.5,gap_percent,30,89.47554149999999,24.25085405313707,85.9304085,72.88199850000001,97.503786,24.621787499999996,52.193649,151.285934
A-n33-k5,efg-high-random-t0.50,efg-high-random,0.5,elapsed_time_seconds,30,3.506821033333333,0.9353880547297296,3.616919,3.09943025,4.195405,1.0959747499999999,1.30897,5.045886
A-n33-k5,efg-high-random-t1.00,efg-high-random,1.0,gap_percent,30,79.27382629999998,23.22335259889355,74.2057455,64.599091,90.5068075,25.907716499999992,45.990925,157.791214
A-n33-k5,efg-high-random-t1.00,efg-high-random,1.0,elapsed_time_seconds,30,6.0887541333333335,1.2709107061410112,6.029984,5.35332175,6.75412225,1.4008005,3.938029,9.002497
A-n33-k5,efg-high-random-t1.50,efg-high-random,1.5,gap_percent,30,82.56681756666669,22.675482425412653,78.59303650000001,71.70953,94.74281125,23.03328125,39.485626,133.434189
A-n33-k5,efg-high-random-t1.50,efg-high-random,1.5,elapsed_time_seconds,30,9.074638866666668,2.436507482571749,9.55796,8.0212785,10.736023,2.7147445,3.5107,12.832247
A-n33-k5,efg-medium-best-t0.20,efg-medium-best,0.2,gap_percent,30,85.36560703333333,21.919668154875954,87.140694,68.910744,100.94553925,32.03479525,49.167927,135.703476
A-n33-k5,efg-medium-best-t0.20,efg-medium-best,0.2,elapsed_time_seconds,30,1.1877012666666669,0.34194421636616595,1.1387779999999998,0.9640617499999999,1.360235,0.39617325000000014,0.553893,1.926624
A-n33-k5,efg-medium-best-t0.50,efg-medium-best,0.5,gap_percent,30,73.55521863333334,15.985210798812279,70.72617349999999,63.010589249999995,83.0937975,20.08320825,46.747353,120.423599
A-n33-k5,efg-medium-best-t0.50,efg-medium-best,0.5,elapsed_time_seconds,30,2.4492517333333335,0.6913153632440384,2.3715465,1.90879075,2.84455925,0.9357685,0.760016,3.890094
A-n33-k5,efg-medium-best-t1.00,efg-medium-best,1.0,gap_percent,30,61.09430096666666,16.298888338550213,59.077156,50.4538575,72.91981899999999,22.46596149999999,27.53404,86.232979
A-n33-k5,efg-medium-best-t1.00,efg-medium-best,1.0,elapsed_time_seconds,30,4.2137613,1.0992244036159173,4.2719935,3.5119955000000003,4.813244,1.3012484999999998,1.937998,6.41999
A-n33-k5,efg-medium-best-t1.50,efg-medium-best,1.5,gap_percent,30,57.11548126666666,13.249801438241414,53.403934500000005,48.14674625,68.87292125,20.726175000000005,33.131618,81.543121
A-n33-k5,efg-medium-best-t1.50,efg-medium-best,1.5,elapsed_time_seconds,30,4.374511766666667,1.5401670916047563,4.347825,3.62468725,5.3428267499999995,1.7181394999999995,0.998501,6.952523
A-n33-k5,efg-medium-first-t0.20,efg-medium-first,0.2,gap_percent,30,87.8164399,14.877764317126232,91.074131,74.3570345,100.68078825,26.32375375000001,55.068081,109.37973
A-n33-k5,efg-medium-first-t0.20,efg-medium-first,0.2,elapsed_time_seconds,30,1.2677503666666665,0.28228761790518736,1.2937455,1.106782,1.4999544999999999,0.3931724999999999,0.731857,1.737658
A-n33-k5,efg-medium-first-t0.50,efg-medium-first,0.5,gap_percent,30,78.33585376666666,24.48984227153962,82.2238995,60.59001375,91.225418,30.635404250000008,39.485626,153.403931
A-n33-k5,efg-medium-first-t0.50,efg-medium-first,0.5,elapsed_time_seconds,30,2.468804466666667,0.7791418744238247,2.3730035000000003,1.84675525,3.1335095,1.2867542500000002,0.915002,3.807002
A-n33-k5,efg-medium-first-t1.00,efg-medium-first,1.0,gap_percent,30,58.88048433333335,15.192488444501077,58.8502295,47.957641,69.96974175,22.012100749999995,34.341908,98.638428
A-n33-k5,efg-medium-first-t1.00,efg-medium-first,1.0,elapsed_time_seconds,30,3.833135999999999,1.4012282859296128,3.8180035,2.929002,4.53700275,1.60800075,0.386999,6.756004
A-n33-k5,efg-medium-first-t1.50,efg-medium-first,1.5,gap_percent,30,56.868381400000004,12.301397141771137,55.295009500000006,50.30257275,65.355526,15.052953249999995,25.26475,79.425117
A-n33-k5,efg-medium-first-t1.50,efg-medium-first,1.5,elapsed_time_seconds,30,4.386738966666667,1.452753587859264,4.6046965,3.313843,5.4815075,2.1676645000000003,0.632684,6.945526
A-n33-k5,efg-medium-random-t0.20,efg-medium-random,0.2,gap_percent,30,79.989914,16.58881955259094,79.9546165,69.8941,88.01059,18.11649,46.142208,123.146751
A-n33-k5,efg-medium-random-t0.20,efg-medium-random,0.2,elapsed_time_seconds,30,1.1856079,0.27845884303917123,1.180069,1.00437175,1.34264125,0.3382695,0.724114,1.69294
A-n33-k5,efg-medium-random-t0.50,efg-medium-random,0.5,gap_percent,30,83.70650503333333,14.233976845126415,80.7110445,76.81543149999999,88.57790975,11.762478250000015,49.773071,121.482597
A-n33-k5,efg-medium-random-t0.50,efg-medium-random,0.5,elapsed_time_seconds,30,2.751672,0.4114496966222624,2.755972,2.5204742500000004,2.9557202499999997,0.43524599999999936,1.770982,3.61096
A-n33-k5,efg-medium-random-t1.00,efg-medium-random,1.0,gap_percent,30,59.480584966666676,12.69789674549327,57.5642965,50.037823,65.39334674999999,15.355523749999989,38.426624,87.443268
A-n33-k5,efg-medium-random-t1.00,efg-medium-random,1.0,elapsed_time_seconds,30,3.5311052333333337,1.1267618271519215,3.3955055,2.8642540000000003,4.40150575,1.5372517499999998,1.160002,5.709008
A-n33-k5,efg-medium-random-t1.50,efg-medium-random,1.5,gap_percent,30,58.124054633333344,18.501061586169165,54.538578,44.553704499999995,67.24659725000001,22.692892750000013,31.164902,109.682297
A-n33-k5,efg-medium-random-t1.50,efg-medium-random,1.5,elapsed_time_seconds,30,5.0187230000000005,2.1782417267831344,4.992003,3.25587175,6.5829575,3.32708575,1.331334,9.610193
A-n65-k9,baseline-best-t0.20,baseline-best,0.2,gap_percent,30,137.94435249999998,12.522737598753446,137.7768325,129.42931,146.12437075000003,16.69506075000004,105.962524,161.499146
A-n65-k9,baseline-best-t0.20,baseline-best,0.2,elapsed_time_seconds,30,0.7981175333333332,0.23178228809570017,0.7838525000000001,0.61013675,0.965569,0.35543225,0.349935,1.267763
A-n65-k9,baseline-best-t0.50,baseline-best,0.5,gap_percent,30,128.9352649,9.681443924763691,128.66269699999998,120.35775175,134.98722825,14.629476499999981,113.373093,151.873932
A-n65-k9,baseline-best-t0.50,baseline-best,0.5,elapsed_time_seconds,30,1.1846942999999999,0.42972262882108836,1.1979605,0.8667214999999999,1.4599525,0.5932310000000001,0.327989,2.293925
A-n65-k9,baseline-best-t1.00,baseline-best,1.0,gap_percent,30,128.47529976666667,10.057730728653212,127.129471,122.16780849999999,135.7325325,13.564723999999998,112.69165,152.299835
A-n65-k9,baseline-best-t1.00,baseline-best,1.0,elapsed_time_seconds,30,1.2376271666666665,0.5566235092128426,1.086995,0.83974575,1.47274225,0.6329965000000001,0.373998,2.779986
A-n65-k9,baseline-best-t1.50,baseline-best,1.5,gap_percent,30,134.2617823,12.34917737167571,133.13459,125.7453115,142.99403725,17.24872574999999,112.776825,158.773422
A-n65-k9,baseline-best-t1.50,baseline-best,1.5,elapsed_time_seconds,30,1.2065963999999998,0.8030359707624474,1.0499749999999999,0.5232384999999999,1.8255872499999999,1.30234875,0.316841,3.585207
A-n65-k9,baseline-first-t0.20,baseline-first,0.2,gap_percent,30,141.50198619999998,11.844662471009404,141.8228225,135.34923925,148.466782,13.117542749999984,117.546844,164.310043
A-n65-k9,baseline-first-t0.20,baseline-first,0.2,elapsed_time_seconds,30,0.8842307666666666,0.22665843423480023,0.8558365,0.75010775,0.9795615,0.22945375,0.419919,1.365739
A-n65-k9,baseline-first-t0.50,baseline-first,0.5,gap_percent,30,134.2419062,11.108241265746345,136.0732575,128.34326900000002,142.05706775,13.713798749999967,113.969337,153.833038
A-n65-k9,baseline-first-t0.50,baseline-first,0.5,elapsed_time_seconds,30,1.2164519666666667,0.5087557423184856,1.4130604999999998,0.73478275,1.5070645,0.77228175,0.397016,2.184098
A-n65-k9,baseline-first-t1.00,baseline-first,1.0,gap_percent,30,127.96706383333334,11.355234669707205,127.0868835,121.10306325,136.05196025,14.948897000000002,102.129471,149.148209
A-n65-k9,baseline-first-t1.00,baseline-first,1.0,elapsed_time_seconds,30,1.0441296333333334,0.49183218586007094,0.9704969999999999,0.700998,1.27349475,0.57249675,0.384999,2.70299
A-n65-k9,baseline-first-t1.50,baseline-first,1.5,gap_percent,30,128.46394266666667,10.36533194374532,128.918228,120.996595,135.83901575,14.842420749999988,108.347534,147.018738
A-n65-k9,baseline-first-t1.50,baseline-first,1.5,elapsed_time_seconds,30,0.8453104666666665,0.5764474826925713,0.636681,0.5162417499999999,0.8543225000000001,0.33808075000000015,0.275861,2.334832
A-n65-k9,baseline-random-t0.20,baseline-random,0.2,gap_percent,30,142.55820616666668,19.78398843403028,136.7546845,129.15247749999997,153.19420225000002,24.041724750000043,116.609886,184.241898
A-n65-k9,baseline-random-t0.20,baseline-random,0.2,elapsed_time_seconds,30,0.7846478666666667,0.22754792197245313,0.7563525,0.60463175,0.896826,0.29219425,0.433915,1.279751
A-n65-k9,baseline-random-t0.50,baseline-random,0.5,gap_percent,30,130.14196466666667,9.394840963545517,129.3015365,124.33986875,137.37223825,13.032369500000016,109.199318,147.529816
A-n65-k9,baseline-random-t0.50,baseline-random,0.5,elapsed_time_seconds,30,0.9683301333333334,0.32470430636755765,0.9130294999999999,0.75752325,1.05478125,0.297258,0.428013,1.675052
A-n65-k9,baseline-random-t1.00,baseline-random,1.0,gap_percent,30,133.56331713333333,7.484835788729146,134.7955705,128.0664385,138.75638625,10.689947749999988,119.080063,148.381607
A-n65-k9,baseline-random-t1.00,baseline-random,1.0,elapsed_time_seconds,30,1.3373301333333336,0.6047053275177311,1.281997,0.923248,1.621496,0.6982480000000001,0.393999,2.723995
A-n65-k9,baseline-random-t1.50,baseline-random,1.5,gap_percent,30,128.12038760000002,12.072310777790825,129.0459975,120.86882775000001,137.6064835,16.737655749999988,105.792168,152.555374
A-n65-k9,baseline-random-t1.50,baseline-random,1.5,elapsed_time_seconds,30,1.0938527333333332,0.5802541519550711,0.9085455,0.6414292500000001,1.52898475,0.8875554999999999,0.332834,2.440779
A-n65-k9,efg-high-best-t0.20,efg-high-best,0.2,gap_percent,30,197.6320292666667,18.653703149777666,195.52811450000002,184.47614325,211.07325725,26.597114000000005,157.751282,241.056229
A-n65-k9,efg-high-best-t0.20,efg-high-best,0.2,elapsed_time_seconds,30,1.9332037,0.20406368134231015,1.8883429999999999,1.7806514999999998,2.10341675,0.3227652500000002,1.479299,2.273273
A-n65-k9,efg-high-best-t0.50,efg-high-best,0.5,gap_percent,30,181.7319683,17.731627751112388,181.51618200000001,171.55025125,194.14394800000002,22.59369675000002,148.977844,222.316864
A-n65-k9,efg-high-best-t0.50,efg-high-best,0.5,elapsed_time_seconds,30,3.734431733333333,0.36248656627863907,3.783931,3.499436,4.00442875,0.5049927499999995,2.802949,4.558918
A-n65-k9,efg-high-best-t1.00,efg-high-best,1.0,gap_percent,30,178.0919937,17.22479948532297,179.8126145,166.60988225,188.84157199999999,22.231689749999987,145.059616,212.010223
A-n65-k9,efg-high-best-t1.00,efg-high-best,1.0,elapsed_time_seconds,30,7.269571966666667,1.3133402305521304,7.3876574999999995,6.3567655,8.361515,2.004749500000001,4.369813,9.434871
A-n65-k9,efg-high-best-t1.50,efg-high-best,1.5,gap_percent,30,184.84383960000005,19.402662024981893,187.3935315,167.717209,196.465069,28.747860000000003,156.473587,231.601364
A-n65-k9,efg-high-best-t1.50,efg-high-best,1.5,elapsed_time_seconds,30,10.388654,2.0321671381984445,10.0059945,8.47504925,12.31608875,3.841039500000001,6.995501,15.210391
A-n65-k9,efg-high-first-t0.20,efg-high-first,0.2,gap_percent,30,197.24304556666667,24.198396129798336,196.37989800000003,179.64224975,220.91142675,41.26917700000001,156.814316,244.463379
A-n65-k9,efg-high-first-t0.20,efg-high-first,0.2,elapsed_time_seconds,30,2.0003979666666667,0.24357666607633194,2.015082,1.882136,2.14505725,0.2629212499999998,1.407734,2.39149
A-n65-k9,efg-high-first-t0.50,efg-high-first,0.5,gap_percent,30,179.61101796666665,15.335711944666393,183.943779,170.52811050000003,191.14139925,20.61328874999998,137.563889,198.89267
A-n65-k9,efg-high-first-t0.50,efg-high-first,0.5,elapsed_time_seconds,30,3.8608508000000006,0.6112332516420587,3.947416,3.60917275,4.311408,0.7022352500000002,2.389949,4.981894
A-n65-k9,efg-high-first-t1.00,efg-high-first,1.0,gap_percent,30,187.92447406666665,17.160525678747646,187.4787065,174.25468075,201.91652274999998,27.66184199999998,157.325394,216.524689
A-n65-k9,efg-high-first-t1.00,efg-high-first,1.0,elapsed_time_seconds,30,7.3162402333333345,0.9949623765567351,7.3803085,6.73188275,8.35581975,1.6239370000000006,4.559719,8.589703
A-n65-k9,efg-high-first-t1.50,efg-high-first,1.5,gap_percent,30,186.27200423333332,24.35033138083379,182.921631,167.65332,198.50937675,30.856056749999993,148.126068,244.20784
A-n65-k9,efg-high-first-t1.50,efg-high-first,1.5,elapsed_time_seconds,30,10.5326311,2.515281992642415,9.819362,8.471112,12.265704249999999,3.794592249999999,6.590555,15.400295
A-n65-k9,efg-high-random-t0.20,efg-high-random,0.2,gap_percent,30,197.14366809999999,22.534865996266454,199.148216,180.19591125,214.99147399999998,34.79556274999999,146.933563,232.197617
A-n65-k9,efg-high-random-t0.20,efg-high-random,0.2,elapsed_time_seconds,30,2.0125537666666666,0.19475904353570767,2.043015,1.8828019999999999,2.1649825,0.28218049999999995,1.541632,2.317446
A-n65-k9,efg-high-random-t0.50,efg-high-random,0.5,gap_percent,30,194.73026693333333,19.287661098740735,186.4991455,181.87818900000002,205.06814200000002,23.189953000000003,163.117554,249.318573
A-n65-k9,efg-high-random-t0.50,efg-high-random,0.5,elapsed_time_seconds,30,4.102200033333333,0.5461170784010912,4.172905,3.7169149999999997,4.38289825,0.6659832500000005,2.65994,5.22988
A-n65-k9,efg-high-random-t1.00,efg-high-random,1.0,gap_percent,30,187.3651342333333,19.94149852595725,183.3049465,175.10646825,194.93185825,19.82539,153.236801,224.701874
A-n65-k9,efg-high-random-t1.00,efg-high-random,1.0,elapsed_time_seconds,30,7.3887373666666685,0.9807748092673881,7.3233365,6.594701,7.9982495,1.4035485000000003,5.733132,9.448274
A-n65-k9,efg-high-random-t1.50,efg-high-random,1.5,gap_percent,30,180.56501923333332,15.427056177498145,179.2589415,171.48636225,189.97018025,18.483817999999985,153.066437,212.350937
A-n65-k9,efg-high-random-t1.50,efg-high-random,1.5,elapsed_time_seconds,30,10.508041733333332,1.794021577903714,10.2327105,9.67243725,11.515909749999999,1.843472499999999,7.172144,14.15075
A-n65-k9,efg-medium-best-t0.20,efg-medium-best,0.2,gap_percent,30,166.07893216666665,19.895380095447333,165.6729125,153.23680475,182.58091775,29.344112999999993,129.471893,203.918213
A-n65-k9,efg-medium-best-t0.20,efg-medium-best,0.2,elapsed_time_seconds,30,1.6154167666666666,0.1977576912698769,1.6061845,1.4899580000000001,1.7711535,0.28119549999999993,1.167771,1.952617
A-n65-k9,efg-medium-best-t0.50,efg-medium-best,0.5,gap_percent,30,163.6087444,20.160894203988473,161.371384,148.253834,174.595402,26.341567999999995,132.197617,218.654175
A-n65-k9,efg-medium-best-t0.50,efg-medium-best,0.5,elapsed_time_seconds,30,3.0358102666666666,0.6345738843904696,2.966042,2.62504275,3.3875444999999997,0.7625017499999998,1.783032,4.146057
A-n65-k9,efg-medium-best-t1.00,efg-medium-best,1.0,gap_percent,30,161.25780896666663,20.59068815128563,160.945488,148.3390125,171.25212499999998,22.913112499999983,123.764908,215.07666
A-n65-k9,efg-medium-best-t1.00,efg-medium-best,1.0,elapsed_time_seconds,30,5.133097533333333,1.4482439523598019,4.8554975,4.1644975,5.85724625,1.6927487499999998,1.678998,8.363996
A-n65-k9,efg-medium-best-t1.50,efg-medium-best,1.5,gap_percent,30,158.19988606666664,19.118853305912303,159.1141435,142.972744,173.70102275,30.728278749999987,115.332199,187.393524
A-n65-k9,efg-medium-best-t1.50,efg-medium-best,1.5,elapsed_time_seconds,30,7.8036297999999995,1.7302936437293626,8.102947,6.8225875,9.2601175,2.4375299999999998,4.208894,10.763616
A-n65-k9,efg-medium-first-t0.20,efg-medium-first,0.2,gap_percent,30,171.91936246666668,18.732852723477038,174.06303400000002,157.9429285,183.41140775,25.46847925,139.608185,223.509354
A-n65-k9,efg-medium-first-t0.20,efg-medium-first,0.2,elapsed_time_seconds,30,1.6342446666666666,0.24280790738889604,1.647175,1.4362165,1.817642,0.3814255,1.079787,2.047597
A-n65-k9,efg-medium-first-t0.50,efg-medium-first,0.5,gap_percent,30,164.03180020000002,22.27619844164806,160.7751315,148.6371385,177.19335525000002,28.556216750000033,132.708694,217.376495
A-n65-k9,efg-medium-first-t0.50,efg-medium-first,0.5,elapsed_time_seconds,30,3.4850583999999993,0.6050737565931655,3.4864949999999997,3.15599,3.82249175,0.6665017500000001,2.399998,4.923986
A-n65-k9,efg-medium-first-t1.00,efg-medium-first,1.0,gap_percent,30,158.87279893333334,20.246492125073974,156.260643,146.0817715,174.10562125,28.02384975000001,115.928444,197.274277
A-n65-k9,efg-medium-first-t1.00,efg-medium-first,1.0,elapsed_time_seconds,30,5.141571833333334,1.251405845674461,5.168506000000001,4.67575425,5.6722555,0.9965012500000006,1.711002,7.170006
A-n65-k9,efg-medium-first-t1.50,efg-medium-first,1.5,gap_percent,30,157.7853496666667,14.877879453385134,153.96081550000002,147.89181925,166.9931835,19.10136424999999,132.879044,190.971039
A-n65-k9,efg-medium-first-t1.50,efg-medium-first,1.5,elapsed_time_seconds,30,7.3769766333333315,1.8261503101061134,7.53673,6.41654075,8.265115250000001,1.8485745000000007,3.637181,12.362815
A-n65-k9,efg-medium-random-t0.20,efg-medium-random,0.2,gap_percent,30,173.95797836666665,22.312221011349838,170.8688205,160.22146600000002,183.5817795,23.36031349999999,126.064743,227.768295
A-n65-k9,efg-medium-random-t0.20,efg-medium-random,0.2,elapsed_time_seconds,30,1.6448501333333339,0.2839733953757341,1.6587285,1.4512915,1.81767625,0.36638475000000015,0.960818,2.187593
A-n65-k9,efg-medium-random-t0.50,efg-medium-random,0.5,gap_percent,30,168.25099593333334,22.573338351191165,164.9063035,151.490635,183.79471975,32.304084750000015,134.838165,221.465088
A-n65-k9,efg-medium-random-t0.50,efg-medium-random,0.5,elapsed_time_seconds,30,3.7449193333333324,0.7396778231682024,3.8379545000000004,3.43795875,4.211194000000001,0.7732352500000008,2.036973,5.218932
A-n65-k9,efg-medium-random-t1.00,efg-medium-random,1.0,gap_percent,30,158.92674613333332,15.402306806599059,158.8586045,145.4855195,168.973591,23.48807149999999,133.219772,194.633728
A-n65-k9,efg-medium-random-t1.00,efg-medium-random,1.0,elapsed_time_seconds,30,5.515142166666667,1.2804038047341937,5.4025085,4.933508,6.14575975,1.21225175,2.646003,7.989012
A-n65-k9,efg-medium-random-t1.50,efg-medium-random,1.5,gap_percent,30,163.61158653333334,19.043796205238365,164.608177,152.789612,172.97700125,20.187389249999995,127.768311,210.136292
A-n65-k9,efg-medium-random-t1.50,efg-medium-random,1.5,elapsed_time_seconds,30,7.689520133333334,2.054458715523096,8.1819075,6.57696,9.24162675,2.6646667500000003,2.852573,11.181406
A-n80-k10,baseline-best-t0.20,baseline-best,0.2,gap_percent,30,126.93703923333334,13.06857412860027,123.3976175,117.37095875,135.84798825,18.477029499999986,104.878044,161.656265
A-n80-k10,baseline-best-t0.20,baseline-best,0.2,elapsed_time_seconds,30,0.9470545333333331,0.23839231384446843,0.9748155000000001,0.79534825,1.0588005,0.26345225000000005,0.47091,1.595702
A-n80-k10,baseline-best-t0.50,baseline-best,0.5,gap_percent,30,117.98260513333334,8.79879409748057,116.84628649999999,112.1951215,125.8366375,13.641515999999996,102.098694,137.492905
A-n80-k10,baseline-best-t0.50,baseline-best,0.5,elapsed_time_seconds,30,1.8243819666666667,0.7126918012000402,1.822516,1.30023425,2.32542225,1.025188,0.857972,3.932965
A-n80-k10,baseline-best-t1.00,baseline-best,1.0,gap_percent,30,114.04424279999999,9.05065786376782,113.131027,107.6006795,119.7390745,12.138395000000003,98.638687,132.274536
A-n80-k10,baseline-best-t1.00,baseline-best,1.0,elapsed_time_seconds,30,2.2259905000000004,0.8825330723196234,2.1599905,1.75499375,2.62749025,0.8724965000000002,0.622997,4.532983
A-n80-k10,baseline-best-t1.50,baseline-best,1.5,gap_percent,30,106.26205286666665,8.93108880135742,107.487236,99.29098125,113.35791,14.066928750000002,86.727173,120.419739
A-n80-k10,baseline-best-t1.50,baseline-best,1.5,elapsed_time_seconds,30,1.6040309333333336,0.7167221036346981,1.4642675,1.090704,2.0474755,0.9567715000000001,0.417791,3.430285
A-n80-k10,baseline-first-t0.20,baseline-first,0.2,gap_percent,30,126.70070036666665,11.181643072309214,125.1843455,119.69654249999999,135.03969975,15.343157250000019,107.090187,148.213272
A-n80-k10,baseline-first-t0.20,baseline-first,0.2,elapsed_time_seconds,30,0.9173567333333333,0.1691418890743821,0.9398195,0.8325895,1.030802,0.1982125,0.463911,1.174774
A-n80-k10,baseline-first-t0.50,baseline-first,0.5,gap_percent,30,118.39289143333332,12.611997479165977,118.9449805,110.59273925000001,127.08451425000001,16.491775000000004,88.031761,153.488373
A-n80-k10,baseline-first-t0.50,baseline-first,0.5,elapsed_time_seconds,30,1.6639954000000001,0.6310092730648532,1.6940635,1.15754025,2.0768255,0.9192852499999999,0.460018,2.783106
A-n80-k10,baseline-first-t1.00,baseline-first,1.0,gap_percent,30,107.46455026666665,7.669838560962189,106.6080555,101.8576335,112.06750075000001,10.209867250000002,92.342598,123.879753
A-n80-k10,baseline-first-t1.00,baseline-first,1.0,elapsed_time_seconds,30,2.245459833333334,1.1033079206350043,1.945494,1.584245,3.2877405,1.7034955,0.507998,5.074984
A-n80-k10,baseline-first-t1.50,baseline-first,1.5,gap_percent,30,106.78389153333333,6.952373203890387,106.182648,102.765175,111.42937675,8.664201750000004,91.208168,119.852516
A-n80-k10,baseline-first-t1.50,baseline-first,1.5,elapsed_time_seconds,30,1.7657833666666662,0.8225691264010827,1.594703,1.2181402499999998,2.200149,0.9820087500000003,0.449775,3.427284
A-n80-k10,baseline-random-t0.20,baseline-random,0.2,gap_percent,30,128.0071833,10.463972804565111,128.3891065,121.00113474999999,133.3238755,12.322740750000023,105.899033,150.255249
A-n80-k10,baseline-random-t0.20,baseline-random,0.2,elapsed_time_seconds,30,1.0205014333333333,0.25530956127329896,1.0892879999999998,0.80534375,1.1767705,0.3714267499999999,0.518898,1.410727
A-n80-k10,baseline-random-t0.50,baseline-random,0.5,gap_percent,30,117.72357849999997,12.364628445329357,116.420872,107.17526675,125.808281,18.633014249999988,93.477028,140.782761
A-n80-k10,baseline-random-t0.50,baseline-random,0.5,elapsed_time_seconds,30,1.5673092666666668,0.5550297969548297,1.6235425,1.2297847499999999,1.8398032500000001,0.6100185000000002,0.512015,3.045083
A-n80-k10,baseline-random-t1.00,baseline-random,1.0,gap_percent,30,107.98638793333333,7.370053543500673,109.52921699999999,104.29665349999999,113.21611,8.91945650000001,93.306862,124.560402
A-n80-k10,baseline-random-t1.00,baseline-random,1.0,elapsed_time_seconds,30,2.0660293,0.9180229591608768,1.931496,1.429247,2.729744,1.3004970000000002,0.445998,4.14299
A-n80-k10,baseline-random-t1.50,baseline-random,1.5,gap_percent,30,111.86424666666667,5.963138650175381,111.599548,108.67838675,115.83948325,7.161096499999999,98.128189,123.312531
A-n80-k10,baseline-random-t1.50,baseline-random,1.5,elapsed_time_seconds,30,1.8749288333333332,0.8865746990753166,1.763118,1.1844074999999998,2.6096952499999997,1.4252877499999999,0.546727,3.664168
A-n80-k10,efg-high-best-t0.20,efg-high-best,0.2,gap_percent,30,167.4286255,14.247895578017918,166.27907549999998,156.18263199999998,180.6721495,24.489517500000005,139.024384,194.157684
A-n80-k10,efg-high-best-t0.20,efg-high-best,0.2,elapsed_time_seconds,30,2.0745191666666667,0.20659676948388656,2.059717,1.9563907500000002,2.2541535,0.29776274999999996,1.502185,2.382035
A-n80-k10,efg-high-best-t0.50,efg-high-best,0.5,gap_percent,30,155.66458760000003,16.299868632428954,156.2960895,142.7538295,168.53374875,25.779919250000006,123.766304,186.330109
A-n80-k10,efg-high-best-t0.50,efg-high-best,0.5,elapsed_time_seconds,30,4.4177802,0.4902817283498159,4.417911500000001,4.142670000000001,4.69690925,0.5542392499999993,3.237937,5.322894
A-n80-k10,efg-high-best-t1.00,efg-high-best,1.0,gap_percent,30,150.84893139999997,17.48794718860809,153.2898485,137.19511825,164.87520975,27.680091500000003,104.651169,182.416336
A-n80-k10,efg-high-best-t1.00,efg-high-best,1.0,elapsed_time_seconds,30,7.789237066666666,1.3981962241200803,8.0819575,6.94177775,8.719139,1.7773612500000002,3.414292,9.705145
A-n80-k10,efg-high-best-t1.50,efg-high-best,1.5,gap_percent,30,153.08186799999996,17.368217939772855,150.5104905,143.4770275,159.1179805,15.640952999999996,120.986954,190.754395
A-n80-k10,efg-high-best-t1.50,efg-high-best,1.5,elapsed_time_seconds,30,11.201386533333336,1.8414539642060535,11.118106000000001,10.10360175,12.593163,2.4895612500000013,7.285341,15.256702
A-n80-k10,efg-high-first-t0.20,efg-high-first,0.2,gap_percent,30,168.20192826666664,14.332452766908803,167.30005649999998,155.870682,176.36132025,20.490638250000018,143.562119,195.802612
A-n80-k10,efg-high-first-t0.20,efg-high-first,0.2,elapsed_time_seconds,30,2.0997745,0.2105386615813483,2.0655315,1.95106525,2.202263,0.2511977499999998,1.790595,2.788818
A-n80-k10,efg-high-first-t0.50,efg-high-first,0.5,gap_percent,30,154.46965493333332,14.507686680277278,154.225754,142.30006,164.33635325,22.03629325,126.659103,182.586502
A-n80-k10,efg-high-first-t0.50,efg-high-first,0.5,elapsed_time_seconds,30,4.2338068,0.5008379283695235,4.227406500000001,3.929664,4.66114725,0.7314832500000001,3.25693,4.97889
A-n80-k10,efg-high-first-t1.00,efg-high-first,1.0,gap_percent,30,143.00245690000003,15.122378029923365,143.5337445,132.71412275,151.46057525,18.746452500000004,113.726601,179.126495
A-n80-k10,efg-high-first-t1.00,efg-high-first,1.0,elapsed_time_seconds,30,7.2686307333333335,1.2721047340281202,7.431782500000001,6.8170895,8.074710249999999,1.2576207499999992,4.082958,9.378308
A-n80-k10,efg-high-first-t1.50,efg-high-first,1.5,gap_percent,30,154.18415623333334,16.801227973075278,155.01985200000001,143.987518,166.32161324999998,22.33409524999999,121.951225,182.699936
A-n80-k10,efg-high-first-t1.50,efg-high-first,1.5,elapsed_time_seconds,30,11.751280933333337,1.5096695771783502,12.0650315,10.5658365,13.00193475,2.4360982500000006,8.500852,14.369678
A-n80-k10,efg-high-random-t0.20,efg-high-random,0.2,gap_percent,30,168.05634453333332,15.74503196326408,164.8893965,160.89052925,173.5819585,12.691429250000027,130.913223,203.573471
A-n80-k10,efg-high-random-t0.20,efg-high-random,0.2,elapsed_time_seconds,30,2.040810733333333,0.22408744943974263,2.054507,1.92353825,2.1682307499999998,0.24469249999999976,1.446653,2.424419
A-n80-k10,efg-high-random-t0.50,efg-high-random,0.5,gap_percent,30,153.5110596,15.839346916641263,155.076569,144.01588775,164.5065155,20.490627750000016,123.369255,186.273392
A-n80-k10,efg-high-random-t0.50,efg-high-random,0.5,elapsed_time_seconds,30,4.3943173,0.5615657617222581,4.476587,4.0008254999999995,4.7354295,0.7346040000000009,2.917385,5.22167
A-n80-k10,efg-high-random-t1.00,efg-high-random,1.0,gap_percent,30,149.26450956666665,12.760209471077092,149.2909775,143.29268225,157.94100150000003,14.648319250000014,112.024963,171.525818
A-n80-k10,efg-high-random-t1.00,efg-high-random,1.0,elapsed_time_seconds,30,7.626551666666668,1.035773319744349,7.6761610000000005,6.8868045,8.30284725,1.416042749999999,4.756621,9.323335
A-n80-k10,efg-high-random-t1.50,efg-high-random,1.5,gap_percent,30,150.04159623333334,18.340594624197628,146.7952345,135.49347325000002,166.00964725,30.516173999999978,120.986954,184.628479
A-n80-k10,efg-high-random-t1.50,efg-high-random,1.5,elapsed_time_seconds,30,11.716484066666672,1.7935296671149443,11.6264905,10.183324,13.2197125,3.0363884999999993,8.890437,14.434584
A-n80-k10,efg-medium-best-t0.20,efg-medium-best,0.2,gap_percent,30,156.18642573333335,15.921811116631181,154.310837,144.46965375000002,162.46454975,17.994895999999983,132.10437,189.336365
A-n80-k10,efg-medium-best-t0.20,efg-medium-best,0.2,elapsed_time_seconds,30,1.7305932666666666,0.23049756912577615,1.78115,1.5971864999999998,1.8741314999999998,0.276945,1.283748,2.08459
A-n80-k10,efg-medium-best-t0.50,efg-medium-best,0.5,gap_percent,30,144.74380639999998,16.100390637052666,143.788986,134.4441225,155.72886699999998,21.284744499999988,111.003967,173.56778
A-n80-k10,efg-medium-best-t0.50,efg-medium-best,0.5,elapsed_time_seconds,30,3.782827933333334,0.48704975032797954,3.7650224999999997,3.40851925,4.28528225,0.876763,2.636028,4.481037
A-n80-k10,efg-medium-best-t1.00,efg-medium-best,1.0,gap_percent,30,130.5048207,13.607162082778203,130.487808,122.07884025000001,138.627335,16.548494749999975,103.516731,164.152008
A-n80-k10,efg-medium-best-t1.00,efg-medium-best,1.0,elapsed_time_seconds,30,6.109634733333333,1.20953370045459,6.087002,5.2590015,7.19575125,1.9367497499999997,3.969001,8.029
A-n80-k10,efg-medium-best-t1.50,efg-medium-best,1.5,gap_percent,30,130.89052633333333,12.259152536707967,130.487808,123.695404,137.08167674999999,13.38627274999999,110.096428,172.887115
A-n80-k10,efg-medium-best-t1.50,efg-medium-best,1.5,elapsed_time_seconds,30,8.088454033333335,1.8666715017745927,8.3898035,6.26911425,9.06146775,2.7923535,5.224385,12.647673
A-n80-k10,efg-medium-first-t0.20,efg-medium-first,0.2,gap_percent,30,153.88731130000002,17.85198971626357,153.1196825,141.73284125,167.41349050000002,25.680649250000016,112.932503,188.712418
A-n80-k10,efg-medium-first-t0.20,efg-medium-first,0.2,elapsed_time_seconds,30,1.7129175333333333,0.2451411180846141,1.724496,1.5556934999999998,1.89162725,0.33593375000000014,1.027797,2.048595
A-n80-k10,efg-medium-first-t0.50,efg-medium-first,0.5,gap_percent,30,153.1612773,15.596947890859848,151.758362,140.14463849999999,162.25184975,22.107211250000006,128.587646,187.748154
A-n80-k10,efg-medium-first-t0.50,efg-medium-first,0.5,elapsed_time_seconds,30,4.051039333333333,0.4573076609035294,4.0189710000000005,3.6659705,4.3742215,0.7082510000000002,3.29298,4.981974
A-n80-k10,efg-medium-first-t1.00,efg-medium-first,1.0,gap_percent,30,130.1777265,12.630523423761247,127.3964805,120.05104475,139.84684725,19.795802499999994,109.81282,157.742493
A-n80-k10,efg-medium-first-t1.00,efg-medium-first,1.0,elapsed_time_seconds,30,5.893974299999999,0.9650987948355214,5.809008,5.2027565,6.57675925,1.3740027500000007,3.844004,7.93701
A-n80-k10,efg-medium-first-t1.50,efg-medium-first,1.5,gap_percent,30,129.99432706666667,14.0634873855817,131.9625625,119.75326125,138.54225200000002,18.788990750000025,99.489502,153.771988
A-n80-k10,efg-medium-first-t1.50,efg-medium-first,1.5,elapsed_time_seconds,30,7.647841133333334,1.617817874658603,7.487755,6.902797,8.2246365,1.3218395000000012,3.344327,11.648173
A-n80-k10,efg-medium-random-t0.20,efg-medium-random,0.2,gap_percent,30,149.8109275,15.820294620216965,154.6511615,140.896206,158.01190975,17.115703749999994,115.314804,192.229156
A-n80-k10,efg-medium-random-t0.20,efg-medium-random,0.2,elapsed_time_seconds,30,1.6370373333333332,0.21418124522023857,1.6400855,1.46166875,1.78299775,0.321329,1.251056,2.099651
A-n80-k10,efg-medium-random-t0.50,efg-medium-random,0.5,gap_percent,30,139.20400906666666,15.157881849515151,138.5422595,129.82133075,150.17016975,20.348839000000027,103.346573,165.62677
A-n80-k10,efg-medium-random-t0.50,efg-medium-random,0.5,elapsed_time_seconds,30,3.7571104666666666,0.6622183502054357,3.7954435,3.58619625,4.15793925,0.5717430000000001,1.97897,4.964931
A-n80-k10,efg-medium-random-t1.00,efg-medium-random,1.0,gap_percent,30,133.7209302,16.690722473753723,128.2189405,122.9722045,143.179241,20.207036499999987,102.77935,174.41861
A-n80-k10,efg-medium-random-t1.00,efg-medium-random,1.0,elapsed_time_seconds,30,5.838576766666666,1.2814238288799522,5.93201,4.99525825,6.7755115,1.7802532500000003,3.403007,8.815016
A-n80-k10,efg-medium-random-t1.50,efg-medium-random,1.5,gap_percent,30,131.26678086666666,13.174323038420066,129.4101025,119.6398145,139.80431025,20.164495749999986,112.98922,157.231979
A-n80-k10,efg-medium-random-t1.50,efg-medium-random,1.5,elapsed_time_seconds,30,7.56355,1.80276224797272,7.3378295,5.924037,8.976009999999999,3.0519729999999985,4.83658,11.179408
